PRAGMA foreign_keys=OFF;
BEGIN TRANSACTION;
CREATE TABLE IF NOT EXISTS "schema_migrations" ("version" varchar NOT NULL PRIMARY KEY);
INSERT INTO schema_migrations VALUES('20230818080215');
INSERT INTO schema_migrations VALUES('20230818091356');
INSERT INTO schema_migrations VALUES('20230819055258');
INSERT INTO schema_migrations VALUES('20230819055326');
INSERT INTO schema_migrations VALUES('20230821091837');
INSERT INTO schema_migrations VALUES('20230821110009');
INSERT INTO schema_migrations VALUES('20230822111409');
INSERT INTO schema_migrations VALUES('20230823045842');
INSERT INTO schema_migrations VALUES('20230824053736');
INSERT INTO schema_migrations VALUES('20230824125125');
INSERT INTO schema_migrations VALUES('20230908050500');
INSERT INTO schema_migrations VALUES('20230908054126');
INSERT INTO schema_migrations VALUES('20230908060120');
INSERT INTO schema_migrations VALUES('20230908080210');
INSERT INTO schema_migrations VALUES('20230908060800');
INSERT INTO schema_migrations VALUES('20230908124858');
INSERT INTO schema_migrations VALUES('20230911095114');
INSERT INTO schema_migrations VALUES('20230908050444');
INSERT INTO schema_migrations VALUES('20230911080129');
INSERT INTO schema_migrations VALUES('20230911123905');
INSERT INTO schema_migrations VALUES('20230913110633');
INSERT INTO schema_migrations VALUES('20230914084324');
INSERT INTO schema_migrations VALUES('20230915081756');
INSERT INTO schema_migrations VALUES('20230915082233');
INSERT INTO schema_migrations VALUES('20230915064131');
INSERT INTO schema_migrations VALUES('20230918114659');
INSERT INTO schema_migrations VALUES('20230918124427');
INSERT INTO schema_migrations VALUES('20230928052140');
INSERT INTO schema_migrations VALUES('20230928062401');
INSERT INTO schema_migrations VALUES('20230928091650');
INSERT INTO schema_migrations VALUES('20230928103048');
INSERT INTO schema_migrations VALUES('20230929052422');
INSERT INTO schema_migrations VALUES('20230929101035');
INSERT INTO schema_migrations VALUES('20230929103815');
INSERT INTO schema_migrations VALUES('20230930123001');
INSERT INTO schema_migrations VALUES('20230930130041');
INSERT INTO schema_migrations VALUES('20231003113445');
INSERT INTO schema_migrations VALUES('20231005053830');
INSERT INTO schema_migrations VALUES('20231005053319');
INSERT INTO schema_migrations VALUES('20231005061528');
INSERT INTO schema_migrations VALUES('20231005110835');
INSERT INTO schema_migrations VALUES('20231005112047');
INSERT INTO schema_migrations VALUES('20231005112215');
INSERT INTO schema_migrations VALUES('20231005054105');
INSERT INTO schema_migrations VALUES('20231005121045');
INSERT INTO schema_migrations VALUES('20231005121448');
INSERT INTO schema_migrations VALUES('20231005121459');
INSERT INTO schema_migrations VALUES('20231006063712');
CREATE TABLE IF NOT EXISTS "ar_internal_metadata" ("key" varchar NOT NULL PRIMARY KEY, "value" varchar, "created_at" datetime(6) NOT NULL, "updated_at" datetime(6) NOT NULL);
INSERT INTO ar_internal_metadata VALUES('environment','development','2023-08-18 09:14:16.982023','2023-08-18 09:14:16.982023');
INSERT INTO ar_internal_metadata VALUES('schema_sha1','598c72226a800d46c7ff485453d4fee69bd37a42','2023-08-25 06:43:04.494398','2023-08-25 06:43:04.494398');
CREATE TABLE IF NOT EXISTS "active_storage_blobs" ("id" integer PRIMARY KEY AUTOINCREMENT NOT NULL, "key" varchar NOT NULL, "filename" varchar NOT NULL, "content_type" varchar, "metadata" text, "service_name" varchar NOT NULL, "byte_size" bigint NOT NULL, "checksum" varchar, "created_at" datetime(6) NOT NULL);
INSERT INTO active_storage_blobs VALUES(1,'dv2jubef9ucftyhtp8h0zviqcrvj','profile.png','image/png','{"identified":true}','cloudinary',32174,'BVqRl5JkZkoe4SuUU2ENgg==','2023-08-25 06:43:04.882762');
INSERT INTO active_storage_blobs VALUES(2,'avgx61flnq576bk4chff1o0n37ad','shirt.jpeg','image/jpeg','{"identified":true,"analyzed":true}','cloudinary',2109,'ftIL/vldfveN+dIsUMFdYQ==','2023-08-25 07:02:54.511395');
INSERT INTO active_storage_blobs VALUES(3,'hexi924f0b0vs3t1cve8ta3pmcf7','mobile.jpeg','image/jpeg','{"identified":true,"analyzed":true}','cloudinary',5234,'2yYqax/2uItmLGK3WaEryg==','2023-08-25 07:04:15.792556');
INSERT INTO active_storage_blobs VALUES(4,'xvuqehr7yrvblpsp0ztv65x9aftd','tv.webp','image/webp','{"identified":true,"analyzed":true}','cloudinary',10230,'F70qkb19Vpi+Qf4H1k3P7A==','2023-08-25 07:08:57.787422');
INSERT INTO active_storage_blobs VALUES(5,'n5i0tz25t7u0tq7mgm6rd68m6f49','brown_dress.webp','image/webp','{"identified":true,"analyzed":true}','cloudinary',21832,'cjgOwjgLyYgTGbQwW+odNg==','2023-08-25 07:11:12.462949');
INSERT INTO active_storage_blobs VALUES(6,'rlcplkcmohou75n0bmh1x376t74r','smart_watch.webp','image/webp','{"identified":true,"analyzed":true}','cloudinary',13218,'FyDYXiWQXffpJe1iQiXaCQ==','2023-08-25 07:13:20.447245');
INSERT INTO active_storage_blobs VALUES(7,'v013xifmbjbqjk6gsy6x0api6edp','smart-glasses.webp','image/webp','{"identified":true,"analyzed":true}','cloudinary',7186,'17JNOdQeka5MzCFJ0QWxVA==','2023-08-25 07:17:07.808493');
INSERT INTO active_storage_blobs VALUES(8,'7ct8jqltfainko1yp5qqk7y13dmp','pressure_cooker.webp','image/webp','{"identified":true,"analyzed":true}','cloudinary',7184,'byYApT9nIHp1gHcoJ6LkFg==','2023-08-25 07:19:40.126356');
INSERT INTO active_storage_blobs VALUES(9,'2g7y07xm6pix5mx2jc2tdv9iy9y5','tava.webp','image/webp','{"identified":true,"analyzed":true}','cloudinary',2714,'V1GmKAuALGizja99uPYqzg==','2023-08-25 07:20:41.571281');
INSERT INTO active_storage_blobs VALUES(10,'wvamrm10oii71iae91h7mgw7wed8','lamp.webp','image/webp','{"identified":true,"analyzed":true}','cloudinary',8162,'G7Bj/AdoIWMjs2B/zFAHAA==','2023-08-25 07:22:07.392536');
INSERT INTO active_storage_blobs VALUES(11,'po6k6gya9vxi5cdcl0sttbbuvn71','jeans.webp','image/webp','{"identified":true,"analyzed":true}','cloudinary',11236,'daxaBJ+15jPApHWuXiw+JQ==','2023-08-25 07:24:02.751076');
INSERT INTO active_storage_blobs VALUES(12,'de8qcz2eppytc7qwkgv6tsdljgdi','profile.png','image/png','{"identified":true,"analyzed":true}','cloudinary',32174,'BVqRl5JkZkoe4SuUU2ENgg==','2023-08-25 07:30:44.278701');
INSERT INTO active_storage_blobs VALUES(13,'tb8tboi7594hrvsgarz7ztsflxhy','jeans.webp','image/webp','{"identified":true,"analyzed":true}','cloudinary',11236,'daxaBJ+15jPApHWuXiw+JQ==','2023-09-08 07:21:21.607460');
INSERT INTO active_storage_blobs VALUES(14,'87auflf2wti1pfvomipg023ewvdt','profile.png','image/png','{"identified":true,"analyzed":true}','cloudinary',32174,'BVqRl5JkZkoe4SuUU2ENgg==','2023-09-08 12:54:38.993010');
INSERT INTO active_storage_blobs VALUES(15,'v6md3q7obrqe9ns6caokae93mcu1','jeans.webp','image/webp','{"identified":true,"analyzed":true}','cloudinary',11236,'daxaBJ+15jPApHWuXiw+JQ==','2023-09-11 07:08:15.329418');
INSERT INTO active_storage_blobs VALUES(27,'nlcc0efcwdna7vsgutkryt1ngrep','profile.png','image/png','{"identified":true,"analyzed":true}','cloudinary',32174,'BVqRl5JkZkoe4SuUU2ENgg==','2023-09-14 12:59:49.008601');
INSERT INTO active_storage_blobs VALUES(29,'p6wo46tzt6fbye559y67gu9wciy5','oneplus.webp','image/webp','{"identified":true}','cloudinary',6040,'jOBoJIIIoVKHRGu4bafazQ==','2023-09-18 07:51:48.996717');
INSERT INTO active_storage_blobs VALUES(30,'n25aebg07ltx91krk98m457yqjki','oneplus.webp','image/webp','{"identified":true}','cloudinary',6040,'jOBoJIIIoVKHRGu4bafazQ==','2023-09-18 07:52:04.516459');
INSERT INTO active_storage_blobs VALUES(31,'yuoq02gxet70eofknehd5hag7pg8','profile.png','image/png','{"identified":true}','cloudinary',32174,'BVqRl5JkZkoe4SuUU2ENgg==','2023-09-19 04:52:22.874213');
INSERT INTO active_storage_blobs VALUES(32,'rjava1wg4qs4aimrcstk5p0mn3ir','profile.png','image/png','{"identified":true}','cloudinary',32174,'BVqRl5JkZkoe4SuUU2ENgg==','2023-09-19 04:54:35.990837');
INSERT INTO active_storage_blobs VALUES(33,'279fwecag3u9rpeuzrwd4leydtym','profile.png','image/png','{"identified":true}','cloudinary',32174,'BVqRl5JkZkoe4SuUU2ENgg==','2023-09-19 05:01:04.765345');
INSERT INTO active_storage_blobs VALUES(34,'f9f424kl85pyj0crmmw3iqlb1vvs','profile.png','image/png','{"identified":true}','cloudinary',32174,'BVqRl5JkZkoe4SuUU2ENgg==','2023-09-29 10:58:38.305566');
INSERT INTO active_storage_blobs VALUES(35,'k6nok3ve0hxysgy4frkzr3uplmvn','profile.png','image/png','{"identified":true}','cloudinary',32174,'BVqRl5JkZkoe4SuUU2ENgg==','2023-09-29 11:00:35.379992');
INSERT INTO active_storage_blobs VALUES(36,'264j281du6n180td7d47rxziavhf','iphone.jpeg','image/jpeg','{"identified":true}','cloudinary',2345,'4E2btcjPqfyx1sZHjHbaHw==','2023-09-29 11:10:00.787201');
INSERT INTO active_storage_blobs VALUES(37,'az9higogojt6ruelr70xctcrjx6l','iphone.jpeg','image/jpeg','{"identified":true}','cloudinary',2345,'4E2btcjPqfyx1sZHjHbaHw==','2023-09-29 11:11:47.542414');
INSERT INTO active_storage_blobs VALUES(38,'vud69lb05obc1fdn1w7inzls9hci','iphone.jpeg','image/jpeg','{"identified":true}','cloudinary',2345,'4E2btcjPqfyx1sZHjHbaHw==','2023-09-29 11:12:33.057975');
INSERT INTO active_storage_blobs VALUES(39,'j1nj1ddiffkf8p8jyim3rq6byvml','iphone.jpeg','image/jpeg','{"identified":true}','cloudinary',2345,'4E2btcjPqfyx1sZHjHbaHw==','2023-09-29 11:13:23.248252');
INSERT INTO active_storage_blobs VALUES(40,'mlivumqcpe9q4p2f8n6gd3jaqvna','iphone.jpeg','image/jpeg','{"identified":true}','cloudinary',2345,'4E2btcjPqfyx1sZHjHbaHw==','2023-09-29 11:14:28.315299');
INSERT INTO active_storage_blobs VALUES(41,'zcua8j057jd77d0c71a80ez5ajjs','shirt.jpeg','image/jpeg','{"identified":true}','cloudinary',2109,'ftIL/vldfveN+dIsUMFdYQ==','2023-09-29 11:59:22.077034');
INSERT INTO active_storage_blobs VALUES(42,'7wbaazwf69rf4gef1oeq6xtb9j57','bottle.jpeg','image/jpeg','{"identified":true}','cloudinary',5969,'XIrt5PNfHDcriM50484OPg==','2023-10-06 05:49:25.224841');
INSERT INTO active_storage_blobs VALUES(43,'4q97bmkoicu7gj3zh4b1duuumjxl','bottle.jpeg','image/jpeg','{"identified":true}','cloudinary',5969,'XIrt5PNfHDcriM50484OPg==','2023-10-06 05:49:59.335304');
INSERT INTO active_storage_blobs VALUES(44,'7iywkhaf2klakmbxsqq0dqmy5g2p','bottle.jpeg','image/jpeg','{"identified":true}','cloudinary',5969,'XIrt5PNfHDcriM50484OPg==','2023-10-06 05:52:44.109706');
INSERT INTO active_storage_blobs VALUES(45,'qzpehvez6x7sf5e9j8r1nfuxw9am','laptop.webp','image/webp','{"identified":true}','cloudinary',6564,'5UkE5Pn+rzk9ajM3TrseUg==','2023-10-06 07:16:19.267644');
CREATE TABLE IF NOT EXISTS "addresses" ("id" integer PRIMARY KEY AUTOINCREMENT NOT NULL, "city" varchar, "house_no" varchar, "street" varchar, "landmark" varchar, "state" varchar, "pin" varchar, "country" varchar, "user_id" integer, "created_at" datetime(6) NOT NULL, "updated_at" datetime(6) NOT NULL);
INSERT INTO addresses VALUES(3,'Indore','23','56, New Dewas Road','Indore Samachar','MadhyaPradesh','452003','India',1,'2023-08-30 03:54:38.882964','2023-08-30 03:54:38.882964');
INSERT INTO addresses VALUES(6,'Indore','12','12','NearTemple','MP','452001','IN',2,'2023-09-01 05:36:42.564065','2023-10-06 12:00:57.188314');
INSERT INTO addresses VALUES(7,'Indore','56/23','56','Indore Samachar','MP','452003','IN',2,'2023-09-18 10:19:07.944828','2023-10-06 12:18:00.494986');
INSERT INTO addresses VALUES(8,'Indore','22','12','Jain Temple','MP','452004','India',20,'2023-09-29 13:00:09.301998','2023-09-29 13:00:09.301998');
INSERT INTO addresses VALUES(9,'Delhi','12','35','RusselChouck','DELHI',' 453002','India',15,'2023-09-29 13:04:52.651035','2023-09-29 13:04:52.651035');
INSERT INTO addresses VALUES(10,'Indore','55','RNT marg','Dominos','MP','452003','India',2,'2023-10-04 09:46:04.120761','2023-10-04 09:46:04.120761');
INSERT INTO addresses VALUES(11,'Indore','58','56','Redisson Square','MP','452006','IN',2,'2023-10-06 11:44:19.767069','2023-10-06 11:44:19.767069');
CREATE TABLE IF NOT EXISTS "carts" ("id" integer PRIMARY KEY AUTOINCREMENT NOT NULL, "user_id" integer, "created_at" datetime(6) NOT NULL, "updated_at" datetime(6) NOT NULL);
INSERT INTO carts VALUES(1,1,'2023-08-25 06:43:04.880851','2023-08-25 06:43:04.880851');
INSERT INTO carts VALUES(2,2,'2023-08-25 07:30:44.281834','2023-08-25 07:30:44.281834');
INSERT INTO carts VALUES(3,3,'2023-09-08 12:54:38.996284','2023-09-08 12:54:38.996284');
INSERT INTO carts VALUES(15,15,'2023-09-14 12:59:49.011605','2023-09-14 12:59:49.011605');
INSERT INTO carts VALUES(17,16,'2023-09-19 04:52:22.901732','2023-09-19 04:52:22.901732');
INSERT INTO carts VALUES(18,17,'2023-09-19 04:54:36.000710','2023-09-19 04:54:36.000710');
INSERT INTO carts VALUES(19,18,'2023-09-19 05:01:04.768190','2023-09-19 05:01:04.768190');
INSERT INTO carts VALUES(20,19,'2023-09-29 10:58:38.370894','2023-09-29 10:58:38.370894');
INSERT INTO carts VALUES(21,20,'2023-09-29 11:00:35.383097','2023-09-29 11:00:35.383097');
CREATE TABLE IF NOT EXISTS "items" ("id" integer PRIMARY KEY AUTOINCREMENT NOT NULL, "quantity" bigint, "cart_id" integer, "product_id" integer, "created_at" datetime(6) NOT NULL, "updated_at" datetime(6) NOT NULL);
CREATE TABLE IF NOT EXISTS "shipments" ("id" integer PRIMARY KEY AUTOINCREMENT NOT NULL, "status" integer, "expected_delivery" datetime(6), "order_id" integer, "created_at" datetime(6) NOT NULL, "updated_at" datetime(6) NOT NULL);
INSERT INTO shipments VALUES(98,0,'2023-10-10 00:00:00',1,'2023-10-03 11:39:15.246580','2023-10-03 11:39:15.246580');
INSERT INTO shipments VALUES(99,0,'2023-10-11 00:00:00',2,'2023-10-04 09:46:38.123529','2023-10-04 09:46:38.123529');
INSERT INTO shipments VALUES(101,0,'2023-10-13 00:00:00',3,'2023-10-06 12:12:24.693690','2023-10-06 12:12:24.693690');
INSERT INTO shipments VALUES(102,0,'2023-10-13 00:00:00',4,'2023-10-06 12:13:47.777357','2023-10-06 12:13:47.777357');
CREATE TABLE IF NOT EXISTS "tracking_orders" ("id" integer PRIMARY KEY AUTOINCREMENT NOT NULL, "place" varchar, "status" integer, "shipment_id" integer, "created_at" datetime(6) NOT NULL, "updated_at" datetime(6) NOT NULL);
INSERT INTO tracking_orders VALUES(73,'Delhi',0,98,'2023-10-03 11:39:15.253166','2023-10-03 11:39:15.253166');
INSERT INTO tracking_orders VALUES(74,'Indore',0,99,'2023-10-04 09:46:38.130013','2023-10-04 09:46:38.130013');
INSERT INTO tracking_orders VALUES(76,'Delhi',0,101,'2023-10-06 12:12:24.695366','2023-10-06 12:12:24.695366');
INSERT INTO tracking_orders VALUES(77,'Delhi',0,102,'2023-10-06 12:13:47.779171','2023-10-06 12:13:47.779171');
CREATE TABLE IF NOT EXISTS "active_storage_attachments" ("id" integer NOT NULL PRIMARY KEY, "name" varchar NOT NULL, "record_type" varchar NOT NULL, "record_id" integer NOT NULL, "blob_id" integer NOT NULL, "created_at" datetime(6) NOT NULL, CONSTRAINT "fk_rails_c3b3935057"
FOREIGN KEY ("blob_id")
  REFERENCES "active_storage_blobs" ("id")
);
INSERT INTO active_storage_attachments VALUES(1,'avatar','User',1,1,'2023-08-25 06:43:04.883843');
INSERT INTO active_storage_attachments VALUES(2,'images','Product',1,2,'2023-08-25 07:02:54.512554');
INSERT INTO active_storage_attachments VALUES(3,'images','Product',2,3,'2023-08-25 07:04:15.793993');
INSERT INTO active_storage_attachments VALUES(4,'images','Product',3,4,'2023-08-25 07:08:57.789137');
INSERT INTO active_storage_attachments VALUES(5,'images','Product',4,5,'2023-08-25 07:11:12.464157');
INSERT INTO active_storage_attachments VALUES(6,'images','Product',5,6,'2023-08-25 07:13:20.448306');
INSERT INTO active_storage_attachments VALUES(7,'images','Product',6,7,'2023-08-25 07:17:07.809644');
INSERT INTO active_storage_attachments VALUES(8,'images','Product',7,8,'2023-08-25 07:19:40.127583');
INSERT INTO active_storage_attachments VALUES(9,'images','Product',8,9,'2023-08-25 07:20:41.572557');
INSERT INTO active_storage_attachments VALUES(10,'images','Product',9,10,'2023-08-25 07:22:07.393927');
INSERT INTO active_storage_attachments VALUES(11,'images','Product',10,11,'2023-08-25 07:24:02.752252');
INSERT INTO active_storage_attachments VALUES(12,'avatar','User',2,12,'2023-08-25 07:30:44.279821');
INSERT INTO active_storage_attachments VALUES(13,'images','Product',10,13,'2023-09-08 07:21:21.609569');
INSERT INTO active_storage_attachments VALUES(14,'avatar','User',3,14,'2023-09-08 12:54:38.994167');
INSERT INTO active_storage_attachments VALUES(15,'images','Product',10,15,'2023-09-11 07:08:15.334565');
INSERT INTO active_storage_attachments VALUES(16,'avatar','User',15,27,'2023-09-14 12:59:49.009648');
INSERT INTO active_storage_attachments VALUES(17,'images','Product',11,29,'2023-09-18 07:51:48.997882');
INSERT INTO active_storage_attachments VALUES(18,'avatar','User',16,31,'2023-09-19 04:52:22.877924');
INSERT INTO active_storage_attachments VALUES(19,'avatar','User',17,32,'2023-09-19 04:54:35.994044');
INSERT INTO active_storage_attachments VALUES(20,'avatar','User',18,33,'2023-09-19 05:01:04.766268');
INSERT INTO active_storage_attachments VALUES(21,'avatar','User',19,34,'2023-09-29 10:58:38.309389');
INSERT INTO active_storage_attachments VALUES(22,'avatar','User',20,35,'2023-09-29 11:00:35.381005');
INSERT INTO active_storage_attachments VALUES(23,'images','Product',12,40,'2023-09-29 11:14:28.318781');
INSERT INTO active_storage_attachments VALUES(24,'images','Product',13,41,'2023-09-29 11:59:22.081049');
INSERT INTO active_storage_attachments VALUES(25,'images','Product',14,44,'2023-10-06 05:52:44.110790');
INSERT INTO active_storage_attachments VALUES(26,'images','Product',15,45,'2023-10-06 07:16:19.271593');
CREATE TABLE IF NOT EXISTS "active_storage_variant_records" ("id" integer NOT NULL PRIMARY KEY, "blob_id" integer NOT NULL, "variation_digest" varchar NOT NULL, CONSTRAINT "fk_rails_993965df05"
FOREIGN KEY ("blob_id")
  REFERENCES "active_storage_blobs" ("id")
);
CREATE TABLE IF NOT EXISTS "active_admin_comments" ("id" integer PRIMARY KEY AUTOINCREMENT NOT NULL, "namespace" varchar, "body" text, "resource_type" varchar, "resource_id" integer, "author_type" varchar, "author_id" integer, "created_at" datetime(6) NOT NULL, "updated_at" datetime(6) NOT NULL);
CREATE TABLE IF NOT EXISTS "offer_types_products" ("id" integer PRIMARY KEY AUTOINCREMENT NOT NULL, "product_id" integer, "offer_type_id" integer, "created_at" datetime(6) NOT NULL, "updated_at" datetime(6) NOT NULL);
INSERT INTO offer_types_products VALUES(2,1,1,'2023-09-11 07:15:04.930200','2023-09-11 07:15:04.930200');
INSERT INTO offer_types_products VALUES(3,9,1,'2023-09-11 07:22:27.189987','2023-09-11 07:22:27.189987');
INSERT INTO offer_types_products VALUES(4,8,1,'2023-09-11 07:26:28.865292','2023-09-11 07:26:28.865292');
INSERT INTO offer_types_products VALUES(7,7,1,'2023-09-11 07:54:58.818665','2023-09-11 07:54:58.818665');
INSERT INTO offer_types_products VALUES(8,6,1,'2023-09-11 07:55:11.465942','2023-09-11 07:55:11.465942');
INSERT INTO offer_types_products VALUES(9,10,2,'2023-09-11 07:55:40.140921','2023-09-11 07:55:40.140921');
INSERT INTO offer_types_products VALUES(10,10,1,'2023-09-11 07:55:52.683750','2023-09-11 07:55:52.683750');
INSERT INTO offer_types_products VALUES(11,4,2,'2023-09-11 07:59:41.216784','2023-09-11 07:59:41.216784');
INSERT INTO offer_types_products VALUES(12,11,1,'2023-09-18 13:16:10.070192','2023-09-18 13:16:10.070192');
INSERT INTO offer_types_products VALUES(19,14,1,'2023-10-06 05:52:45.809590','2023-10-06 05:52:45.809590');
INSERT INTO offer_types_products VALUES(20,15,1,'2023-10-06 07:16:20.804370','2023-10-06 07:16:20.804370');
CREATE TABLE IF NOT EXISTS "bank_accounts" ("id" integer PRIMARY KEY AUTOINCREMENT NOT NULL, "account_no" varchar, "ifsc_code" varchar, "bank" varchar, "branch_name" varchar, "city" varchar, "user_id" integer, "created_at" datetime(6) NOT NULL, "updated_at" datetime(6) NOT NULL);
INSERT INTO bank_accounts VALUES(3,'644521585255','SBIN03454','SBI','indore','Indore',15,'2023-09-14 12:59:50.818306','2023-09-14 12:59:50.818306');
INSERT INTO bank_accounts VALUES(5,'7890999298223','SBIN03454','SBI','vallabh nagar','Indore',3,'2023-10-03 04:51:44.919292','2023-10-03 04:51:44.919292');
INSERT INTO bank_accounts VALUES(6,'85964523655565','SBIN0003433','SBI','Mackronia','Sagar',2,'2023-10-04 09:53:54.363343','2023-10-04 09:53:54.363343');
CREATE TABLE IF NOT EXISTS "offer_types" ("id" integer PRIMARY KEY AUTOINCREMENT NOT NULL, "name" varchar, "discount_percent" varchar, "created_at" datetime(6) NOT NULL, "updated_at" datetime(6) NOT NULL);
INSERT INTO offer_types VALUES(1,'Festive','12','2023-09-11 11:26:14.107830','2023-09-11 11:26:14.107830');
INSERT INTO offer_types VALUES(2,'Seasonal','18','2023-09-11 11:41:58.421251','2023-09-11 11:41:58.421251');
CREATE TABLE IF NOT EXISTS "discounts" ("id" integer PRIMARY KEY AUTOINCREMENT NOT NULL, "discount_amount" integer, "product_id" integer, "created_at" datetime(6) NOT NULL, "updated_at" datetime(6) NOT NULL);
INSERT INTO discounts VALUES(1,12,1,'2023-09-11 11:31:46.541630','2023-09-11 11:31:46.541630');
INSERT INTO discounts VALUES(2,23,2,'2023-09-11 11:44:16.391394','2023-09-11 11:44:16.391394');
INSERT INTO discounts VALUES(3,22,3,'2023-09-11 11:44:26.373760','2023-09-11 11:44:26.373760');
INSERT INTO discounts VALUES(4,10,4,'2023-09-11 11:44:39.511863','2023-09-11 11:44:39.511863');
INSERT INTO discounts VALUES(5,8,5,'2023-09-11 11:44:48.100575','2023-09-11 11:44:48.100575');
INSERT INTO discounts VALUES(6,15,6,'2023-09-11 11:44:55.316438','2023-09-11 11:44:55.316438');
INSERT INTO discounts VALUES(7,7,7,'2023-09-11 11:45:05.901461','2023-09-11 11:45:05.901461');
INSERT INTO discounts VALUES(8,3,8,'2023-09-11 11:45:29.660430','2023-09-11 11:45:29.660430');
INSERT INTO discounts VALUES(9,9,9,'2023-09-11 11:45:44.347624','2023-09-11 11:45:44.347624');
CREATE TABLE IF NOT EXISTS "notifications" ("id" integer PRIMARY KEY AUTOINCREMENT NOT NULL, "action" varchar, "notificable_type" varchar, "notificable_id" integer, "user_id" integer, "created_at" datetime(6) NOT NULL, "updated_at" datetime(6) NOT NULL);
INSERT INTO notifications VALUES(1,'Your Order Placed','Order',32,2,'2023-09-13 05:58:34.212985','2023-09-13 05:58:34.212985');
INSERT INTO notifications VALUES(2,'Your Product Updated','Product',10,1,'2023-09-13 06:52:43.178496','2023-09-13 06:52:43.178496');
INSERT INTO notifications VALUES(3,'Your order is shipped','Order',32,2,'2023-09-13 06:55:09.233412','2023-09-13 06:55:09.233412');
INSERT INTO notifications VALUES(4,'Your Product Updated','Product',1,1,'2023-09-13 09:28:16.499655','2023-09-13 09:28:16.499655');
INSERT INTO notifications VALUES(5,'Your Product Updated','Product',2,1,'2023-09-13 09:28:16.511964','2023-09-13 09:28:16.511964');
INSERT INTO notifications VALUES(6,'Your Order Is Placed','Order',33,2,'2023-09-13 09:28:16.523792','2023-09-13 09:28:16.523792');
INSERT INTO notifications VALUES(7,'Your order is out_for_delivery','Order',31,2,'2023-09-13 10:24:01.673625','2023-09-13 10:24:01.673625');
INSERT INTO notifications VALUES(8,'Your Product Updated','Product',2,1,'2023-09-15 10:08:36.519298','2023-09-15 10:08:36.519298');
INSERT INTO notifications VALUES(9,'Your Order Is Placed','Order',5,2,'2023-09-15 10:08:39.735359','2023-09-15 10:08:39.735359');
INSERT INTO notifications VALUES(10,'Your Product Updated','Product',3,1,'2023-09-15 10:10:11.859522','2023-09-15 10:10:11.859522');
INSERT INTO notifications VALUES(11,'Your Product Updated','Product',2,1,'2023-09-15 10:10:12.807231','2023-09-15 10:10:12.807231');
INSERT INTO notifications VALUES(12,'Your Order Is Placed','Order',6,2,'2023-09-15 10:10:14.129463','2023-09-15 10:10:14.129463');
INSERT INTO notifications VALUES(13,'Your Product Updated','Product',2,1,'2023-09-15 10:21:55.397114','2023-09-15 10:21:55.397114');
INSERT INTO notifications VALUES(14,'Your Order Is Placed','Order',1,2,'2023-09-15 10:21:55.410509','2023-09-15 10:21:55.410509');
INSERT INTO notifications VALUES(15,'Your Product Updated','Product',3,1,'2023-09-15 10:22:02.209480','2023-09-15 10:22:02.209480');
INSERT INTO notifications VALUES(16,'Your Product Updated','Product',4,1,'2023-09-15 10:22:02.221231','2023-09-15 10:22:02.221231');
INSERT INTO notifications VALUES(17,'Your Order Is Placed','Order',2,2,'2023-09-15 10:22:02.233232','2023-09-15 10:22:02.233232');
INSERT INTO notifications VALUES(18,'Your Product Updated','Product',1,1,'2023-09-15 11:20:25.303367','2023-09-15 11:20:25.303367');
INSERT INTO notifications VALUES(19,'Your Product Updated','Product',10,1,'2023-09-15 11:20:40.932476','2023-09-15 11:20:40.932476');
INSERT INTO notifications VALUES(20,'Your Product Updated','Product',10,1,'2023-09-15 11:21:43.730261','2023-09-15 11:21:43.730261');
INSERT INTO notifications VALUES(21,'Your Product Updated','Product',1,1,'2023-09-15 11:22:00.954171','2023-09-15 11:22:00.954171');
INSERT INTO notifications VALUES(22,'Your Product Updated','Product',9,1,'2023-09-15 11:22:17.968000','2023-09-15 11:22:17.968000');
INSERT INTO notifications VALUES(23,'Your Product Created','Product',11,15,'2023-09-18 07:51:48.995420','2023-09-18 07:51:48.995420');
INSERT INTO notifications VALUES(24,'Your Product Created','Product',12,15,'2023-09-18 07:52:04.515141','2023-09-18 07:52:04.515141');
INSERT INTO notifications VALUES(25,'Your Product Updated','Product',11,15,'2023-09-18 08:13:46.365577','2023-09-18 08:13:46.365577');
INSERT INTO notifications VALUES(26,'Your Order Is Placed','Order',5,2,'2023-09-18 08:13:46.377603','2023-09-18 08:13:46.377603');
INSERT INTO notifications VALUES(27,'Your order is shipped','Order',5,2,'2023-09-18 09:23:27.603839','2023-09-18 09:23:27.603839');
INSERT INTO notifications VALUES(28,'Your Product Updated','Product',4,1,'2023-09-18 09:50:43.057685','2023-09-18 09:50:43.057685');
INSERT INTO notifications VALUES(29,'Your Product Updated','Product',4,1,'2023-09-18 09:53:57.652697','2023-09-18 09:53:57.652697');
INSERT INTO notifications VALUES(30,'Your Order Is Placed','Order',1,2,'2023-09-18 09:54:02.137275','2023-09-18 09:54:02.137275');
INSERT INTO notifications VALUES(31,'Your order is shipped','Order',1,2,'2023-09-18 09:54:33.673969','2023-09-18 09:54:33.673969');
INSERT INTO notifications VALUES(32,'Your Product Updated','Product',2,1,'2023-09-18 10:01:47.580447','2023-09-18 10:01:47.580447');
INSERT INTO notifications VALUES(33,'Your Order Is Placed','Order',1,2,'2023-09-18 10:01:47.601901','2023-09-18 10:01:47.601901');
INSERT INTO notifications VALUES(34,'Your order is shipped','Order',1,2,'2023-09-18 10:04:01.513304','2023-09-18 10:04:01.513304');
INSERT INTO notifications VALUES(35,'Your order is out_for_delivery','Order',1,2,'2023-09-18 10:05:39.962651','2023-09-18 10:05:39.962651');
INSERT INTO notifications VALUES(36,'Your order is arriving','Order',1,2,'2023-09-18 10:06:12.591073','2023-09-18 10:06:12.591073');
INSERT INTO notifications VALUES(37,'Your order is delivered','Order',1,2,'2023-09-18 10:06:57.882896','2023-09-18 10:06:57.882896');
INSERT INTO notifications VALUES(38,'Your Product Updated','Product',2,1,'2023-09-18 10:19:12.247132','2023-09-18 10:19:12.247132');
INSERT INTO notifications VALUES(39,'Your Order Is Placed','Order',1,2,'2023-09-18 10:19:12.271507','2023-09-18 10:19:12.271507');
INSERT INTO notifications VALUES(40,'Your order is shipped','Order',1,2,'2023-09-18 10:19:40.211073','2023-09-18 10:19:40.211073');
INSERT INTO notifications VALUES(41,'Your order is out_for_delivery','Order',1,2,'2023-09-18 10:20:08.827288','2023-09-18 10:20:08.827288');
INSERT INTO notifications VALUES(42,'Your order is arriving','Order',1,2,'2023-09-18 10:20:26.260586','2023-09-18 10:20:26.260586');
INSERT INTO notifications VALUES(43,'Your order is delivered','Order',1,2,'2023-09-18 10:20:55.660761','2023-09-18 10:20:55.660761');
INSERT INTO notifications VALUES(44,'Your Product Updated','Product',4,1,'2023-09-18 11:33:37.210814','2023-09-18 11:33:37.210814');
INSERT INTO notifications VALUES(45,'Your Order Is Placed','Order',1,2,'2023-09-18 11:33:37.232933','2023-09-18 11:33:37.232933');
INSERT INTO notifications VALUES(46,'Your Product Updated','Product',3,1,'2023-09-18 11:36:40.078314','2023-09-18 11:36:40.078314');
INSERT INTO notifications VALUES(47,'Your Order Is Placed','Order',2,2,'2023-09-18 11:36:40.102545','2023-09-18 11:36:40.102545');
INSERT INTO notifications VALUES(48,'Your Product Updated','Product',11,15,'2023-09-18 12:30:39.404231','2023-09-18 12:30:39.404231');
INSERT INTO notifications VALUES(49,'Your Product Updated','Product',11,15,'2023-09-18 12:31:21.273750','2023-09-18 12:31:21.273750');
INSERT INTO notifications VALUES(50,'Your Product Updated','Product',11,15,'2023-09-18 13:16:10.050656','2023-09-18 13:16:10.050656');
INSERT INTO notifications VALUES(51,'Your Product Updated','Product',11,15,'2023-09-18 13:16:16.313494','2023-09-18 13:16:16.313494');
INSERT INTO notifications VALUES(52,'Your Product Updated','Product',11,15,'2023-09-18 13:19:34.415301','2023-09-18 13:19:34.415301');
INSERT INTO notifications VALUES(53,'Your Product Updated','Product',11,15,'2023-09-18 13:20:36.588380','2023-09-18 13:20:36.588380');
INSERT INTO notifications VALUES(54,'Your Product Updated','Product',11,15,'2023-09-18 13:20:48.712788','2023-09-18 13:20:48.712788');
INSERT INTO notifications VALUES(55,'Your Product Updated','Product',11,15,'2023-09-18 13:20:50.202920','2023-09-18 13:20:50.202920');
INSERT INTO notifications VALUES(56,'Your Product Updated','Product',10,1,'2023-09-18 13:24:41.905887','2023-09-18 13:24:41.905887');
INSERT INTO notifications VALUES(57,'Your Product Updated','Product',10,1,'2023-09-18 13:24:45.807115','2023-09-18 13:24:45.807115');
INSERT INTO notifications VALUES(58,'Your Product Updated','Product',9,1,'2023-09-18 13:25:08.072096','2023-09-18 13:25:08.072096');
INSERT INTO notifications VALUES(59,'Your Product Updated','Product',9,1,'2023-09-18 13:25:08.092895','2023-09-18 13:25:08.092895');
INSERT INTO notifications VALUES(60,'Your Product Updated','Product',8,1,'2023-09-18 13:25:23.237278','2023-09-18 13:25:23.237278');
INSERT INTO notifications VALUES(61,'Your Product Updated','Product',8,1,'2023-09-18 13:25:23.252670','2023-09-18 13:25:23.252670');
INSERT INTO notifications VALUES(62,'Your Product Updated','Product',7,1,'2023-09-18 13:25:29.690419','2023-09-18 13:25:29.690419');
INSERT INTO notifications VALUES(63,'Your Product Updated','Product',7,1,'2023-09-18 13:25:29.705287','2023-09-18 13:25:29.705287');
INSERT INTO notifications VALUES(64,'Your Product Updated','Product',6,1,'2023-09-18 13:25:35.696141','2023-09-18 13:25:35.696141');
INSERT INTO notifications VALUES(65,'Your Product Updated','Product',6,1,'2023-09-18 13:25:35.710626','2023-09-18 13:25:35.710626');
INSERT INTO notifications VALUES(66,'Your Product Updated','Product',5,1,'2023-09-18 13:25:42.570076','2023-09-18 13:25:42.570076');
INSERT INTO notifications VALUES(67,'Your Product Updated','Product',5,1,'2023-09-18 13:25:42.582843','2023-09-18 13:25:42.582843');
INSERT INTO notifications VALUES(68,'Your Product Updated','Product',4,1,'2023-09-18 13:25:49.452547','2023-09-18 13:25:49.452547');
INSERT INTO notifications VALUES(69,'Your Product Updated','Product',4,1,'2023-09-18 13:25:49.470711','2023-09-18 13:25:49.470711');
INSERT INTO notifications VALUES(70,'Your Product Updated','Product',3,1,'2023-09-18 13:25:55.584783','2023-09-18 13:25:55.584783');
INSERT INTO notifications VALUES(71,'Your Product Updated','Product',3,1,'2023-09-18 13:25:55.599516','2023-09-18 13:25:55.599516');
INSERT INTO notifications VALUES(72,'Your Product Updated','Product',2,1,'2023-09-18 13:26:02.349400','2023-09-18 13:26:02.349400');
INSERT INTO notifications VALUES(73,'Your Product Updated','Product',2,1,'2023-09-18 13:26:02.361876','2023-09-18 13:26:02.361876');
INSERT INTO notifications VALUES(74,'Your Product Updated','Product',1,1,'2023-09-18 13:26:08.805110','2023-09-18 13:26:08.805110');
INSERT INTO notifications VALUES(75,'Your Product Updated','Product',1,1,'2023-09-18 13:26:08.821643','2023-09-18 13:26:08.821643');
INSERT INTO notifications VALUES(76,'Your Product Updated','Product',2,1,'2023-09-18 13:26:40.658424','2023-09-18 13:26:40.658424');
INSERT INTO notifications VALUES(77,'Your Product Updated','Product',11,15,'2023-09-18 13:26:40.669794','2023-09-18 13:26:40.669794');
INSERT INTO notifications VALUES(78,'Your Order Is Placed','Order',1,2,'2023-09-18 13:26:40.762681','2023-09-18 13:26:40.762681');
INSERT INTO notifications VALUES(79,'Your Product Updated','Product',4,1,'2023-09-19 05:50:34.856802','2023-09-19 05:50:34.856802');
INSERT INTO notifications VALUES(80,'Your Order Is Placed','Order',1,2,'2023-09-19 05:50:34.878398','2023-09-19 05:50:34.878398');
INSERT INTO notifications VALUES(81,'Your Order Is Canceled','Order',1,2,'2023-09-19 05:50:43.745142','2023-09-19 05:50:43.745142');
INSERT INTO notifications VALUES(82,'Your Product Updated','Product',4,1,'2023-09-22 08:37:27.901928','2023-09-22 08:37:27.901928');
INSERT INTO notifications VALUES(83,'Your Order Is Placed','Order',2,2,'2023-09-22 08:37:27.942769','2023-09-22 08:37:27.942769');
INSERT INTO notifications VALUES(84,'Your Product Updated','Product',3,1,'2023-09-28 07:15:06.771647','2023-09-28 07:15:06.771647');
INSERT INTO notifications VALUES(85,'Your Product Updated','Product',3,1,'2023-09-28 07:28:07.597232','2023-09-28 07:28:07.597232');
INSERT INTO notifications VALUES(86,'Your Order Is Placed','Order',1,2,'2023-09-28 07:28:07.624696','2023-09-28 07:28:07.624696');
INSERT INTO notifications VALUES(87,'Your Order Is Canceled','Order',1,2,'2023-09-28 07:28:14.736248','2023-09-28 07:28:14.736248');
INSERT INTO notifications VALUES(88,'Your Product Updated','Product',1,1,'2023-09-28 07:46:05.437915','2023-09-28 07:46:05.437915');
INSERT INTO notifications VALUES(89,'Your Order Is Placed','Order',2,2,'2023-09-28 07:46:05.456185','2023-09-28 07:46:05.456185');
INSERT INTO notifications VALUES(90,'Your Product Updated','Product',2,1,'2023-09-28 09:04:50.465201','2023-09-28 09:04:50.465201');
INSERT INTO notifications VALUES(91,'Your Product Updated','Product',2,1,'2023-09-28 09:05:37.786122','2023-09-28 09:05:37.786122');
INSERT INTO notifications VALUES(92,'Your Product Updated','Product',3,1,'2023-09-28 09:06:13.266800','2023-09-28 09:06:13.266800');
INSERT INTO notifications VALUES(93,'Your Product Updated','Product',1,1,'2023-09-28 09:06:49.940469','2023-09-28 09:06:49.940469');
INSERT INTO notifications VALUES(94,'Your Product Updated','Product',2,1,'2023-09-28 09:07:43.929257','2023-09-28 09:07:43.929257');
INSERT INTO notifications VALUES(95,'Your Order Is Placed','Order',1,2,'2023-09-28 09:07:43.960163','2023-09-28 09:07:43.960163');
INSERT INTO notifications VALUES(96,'Your Product Updated','Product',1,1,'2023-09-28 09:15:01.465929','2023-09-28 09:15:01.465929');
INSERT INTO notifications VALUES(97,'Your Product Updated','Product',2,1,'2023-09-28 09:15:01.491374','2023-09-28 09:15:01.491374');
INSERT INTO notifications VALUES(98,'Your Order Is Placed','Order',2,2,'2023-09-28 09:15:01.517056','2023-09-28 09:15:01.517056');
INSERT INTO notifications VALUES(99,'Your Product Updated','Product',2,1,'2023-09-28 09:22:04.286370','2023-09-28 09:22:04.286370');
INSERT INTO notifications VALUES(100,'Your Order Is Placed','Order',3,2,'2023-09-28 09:22:04.312544','2023-09-28 09:22:04.312544');
INSERT INTO notifications VALUES(101,'Your Product Updated','Product',2,1,'2023-09-28 10:34:45.180271','2023-09-28 10:34:45.180271');
INSERT INTO notifications VALUES(102,'Your Product Updated','Product',1,1,'2023-09-28 10:35:21.818579','2023-09-28 10:35:21.818579');
INSERT INTO notifications VALUES(103,'Your Order Is Placed','Order',1,2,'2023-09-28 10:35:21.849793','2023-09-28 10:35:21.849793');
INSERT INTO notifications VALUES(104,'Your Product Updated','Product',1,1,'2023-09-28 10:35:46.906887','2023-09-28 10:35:46.906887');
INSERT INTO notifications VALUES(105,'Your Product Updated','Product',2,1,'2023-09-28 10:35:46.924354','2023-09-28 10:35:46.924354');
INSERT INTO notifications VALUES(106,'Your Order Is Placed','Order',2,2,'2023-09-28 10:35:46.945613','2023-09-28 10:35:46.945613');
INSERT INTO notifications VALUES(107,'Your Product Updated','Product',4,1,'2023-09-28 13:29:47.332780','2023-09-28 13:29:47.332780');
INSERT INTO notifications VALUES(108,'Your Product Updated','Product',4,1,'2023-09-28 13:29:48.919326','2023-09-28 13:29:48.919326');
INSERT INTO notifications VALUES(109,'Your Product Updated','Product',4,1,'2023-09-28 13:30:43.266954','2023-09-28 13:30:43.266954');
INSERT INTO notifications VALUES(110,'Your Product Updated','Product',4,1,'2023-09-28 13:30:44.568631','2023-09-28 13:30:44.568631');
INSERT INTO notifications VALUES(111,'Your Product Updated','Product',11,15,'2023-09-28 13:36:52.930452','2023-09-28 13:36:52.930452');
INSERT INTO notifications VALUES(112,'Your Product Updated','Product',11,15,'2023-09-28 13:36:54.275552','2023-09-28 13:36:54.275552');
INSERT INTO notifications VALUES(113,'Your Product Updated','Product',11,15,'2023-09-28 14:12:03.342960','2023-09-28 14:12:03.342960');
INSERT INTO notifications VALUES(114,'Your Product Updated','Product',11,15,'2023-09-28 14:12:09.861740','2023-09-28 14:12:09.861740');
INSERT INTO notifications VALUES(115,'Your Product Updated','Product',11,15,'2023-09-28 14:12:46.083525','2023-09-28 14:12:46.083525');
INSERT INTO notifications VALUES(116,'Your Product Updated','Product',11,15,'2023-09-28 14:13:51.530003','2023-09-28 14:13:51.530003');
INSERT INTO notifications VALUES(117,'Your Product Updated','Product',11,15,'2023-09-28 14:14:38.968935','2023-09-28 14:14:38.968935');
INSERT INTO notifications VALUES(118,'Your Product Updated','Product',11,15,'2023-09-28 14:14:40.137924','2023-09-28 14:14:40.137924');
INSERT INTO notifications VALUES(119,'Your Product Updated','Product',11,15,'2023-09-28 14:15:36.843874','2023-09-28 14:15:36.843874');
INSERT INTO notifications VALUES(120,'Your Product Updated','Product',11,15,'2023-09-28 14:15:38.042299','2023-09-28 14:15:38.042299');
INSERT INTO notifications VALUES(121,'Your Product Updated','Product',11,15,'2023-09-28 14:16:26.351282','2023-09-28 14:16:26.351282');
INSERT INTO notifications VALUES(122,'Your Product Updated','Product',11,15,'2023-09-28 14:16:27.540440','2023-09-28 14:16:27.540440');
INSERT INTO notifications VALUES(123,'Your Product Updated','Product',11,15,'2023-09-28 14:16:58.922787','2023-09-28 14:16:58.922787');
INSERT INTO notifications VALUES(124,'Your Product Updated','Product',11,15,'2023-09-28 14:16:59.992167','2023-09-28 14:16:59.992167');
INSERT INTO notifications VALUES(125,'Your Product Updated','Product',11,15,'2023-09-28 14:17:17.612247','2023-09-28 14:17:17.612247');
INSERT INTO notifications VALUES(126,'Your Product Updated','Product',11,15,'2023-09-28 14:17:18.947705','2023-09-28 14:17:18.947705');
INSERT INTO notifications VALUES(127,'Your Product Updated','Product',11,15,'2023-09-28 14:17:46.520596','2023-09-28 14:17:46.520596');
INSERT INTO notifications VALUES(128,'Your Product Updated','Product',11,15,'2023-09-28 14:18:06.865359','2023-09-28 14:18:06.865359');
INSERT INTO notifications VALUES(129,'Your Product Updated','Product',11,15,'2023-09-28 14:18:43.085911','2023-09-28 14:18:43.085911');
INSERT INTO notifications VALUES(130,'Your Product Updated','Product',11,15,'2023-09-28 14:28:40.833011','2023-09-28 14:28:40.833011');
INSERT INTO notifications VALUES(131,'Your Product Updated','Product',11,15,'2023-09-28 16:09:06.454882','2023-09-28 16:09:06.454882');
INSERT INTO notifications VALUES(132,'Your Product Updated','Product',11,15,'2023-09-28 16:09:09.207965','2023-09-28 16:09:09.207965');
INSERT INTO notifications VALUES(133,'Your Product Updated','Product',11,15,'2023-09-28 16:09:54.278850','2023-09-28 16:09:54.278850');
INSERT INTO notifications VALUES(134,'Your Product Updated','Product',11,15,'2023-09-28 16:09:55.528801','2023-09-28 16:09:55.528801');
INSERT INTO notifications VALUES(135,'Your Product Updated','Product',11,15,'2023-09-28 16:12:29.888987','2023-09-28 16:12:29.888987');
INSERT INTO notifications VALUES(136,'Your Product Updated','Product',11,15,'2023-09-28 16:12:32.419343','2023-09-28 16:12:32.419343');
INSERT INTO notifications VALUES(137,'Your Product Updated','Product',11,15,'2023-09-29 05:00:28.328569','2023-09-29 05:00:28.328569');
INSERT INTO notifications VALUES(138,'Your Product Updated','Product',11,15,'2023-09-29 05:00:29.959791','2023-09-29 05:00:29.959791');
INSERT INTO notifications VALUES(139,'Your Product Updated','Product',11,15,'2023-09-29 05:22:02.609443','2023-09-29 05:22:02.609443');
INSERT INTO notifications VALUES(140,'Your Product Updated','Product',11,15,'2023-09-29 05:22:03.987473','2023-09-29 05:22:03.987473');
INSERT INTO notifications VALUES(141,'Your Product Updated','Product',1,1,'2023-09-29 05:28:03.434423','2023-09-29 05:28:03.434423');
INSERT INTO notifications VALUES(142,'Your Product Updated','Product',1,1,'2023-09-29 05:29:23.531861','2023-09-29 05:29:23.531861');
INSERT INTO notifications VALUES(143,'Your Product Updated','Product',1,1,'2023-09-29 05:31:41.109632','2023-09-29 05:31:41.109632');
INSERT INTO notifications VALUES(144,'Your Order Is Placed','Order',1,2,'2023-09-29 05:31:42.317715','2023-09-29 05:31:42.317715');
INSERT INTO notifications VALUES(145,'Your Product Updated','Product',1,1,'2023-09-29 09:37:14.661878','2023-09-29 09:37:14.661878');
INSERT INTO notifications VALUES(146,'Your Product Updated','Product',3,1,'2023-09-29 09:37:16.175186','2023-09-29 09:37:16.175186');
INSERT INTO notifications VALUES(147,'Your Order Is Placed','Order',2,2,'2023-09-29 09:37:17.559771','2023-09-29 09:37:17.559771');
INSERT INTO notifications VALUES(148,'Your Product Updated','Product',11,15,'2023-09-29 09:57:15.972182','2023-09-29 09:57:15.972182');
INSERT INTO notifications VALUES(149,'Your Product Updated','Product',11,15,'2023-09-29 09:57:17.337235','2023-09-29 09:57:17.337235');
INSERT INTO notifications VALUES(150,'Your Product Created','Product',12,1,'2023-09-29 11:09:59.402703','2023-09-29 11:09:59.402703');
INSERT INTO notifications VALUES(151,'Your Product Updated','Product',12,1,'2023-09-29 11:10:02.391909','2023-09-29 11:10:02.391909');
INSERT INTO notifications VALUES(152,'Your Product Created','Product',12,1,'2023-09-29 11:11:46.213641','2023-09-29 11:11:46.213641');
INSERT INTO notifications VALUES(153,'Your Product Updated','Product',12,1,'2023-09-29 11:11:49.058399','2023-09-29 11:11:49.058399');
INSERT INTO notifications VALUES(154,'Your Product Created','Product',12,1,'2023-09-29 11:12:31.765012','2023-09-29 11:12:31.765012');
INSERT INTO notifications VALUES(155,'Your Product Updated','Product',12,1,'2023-09-29 11:12:34.439371','2023-09-29 11:12:34.439371');
INSERT INTO notifications VALUES(156,'Your Product Created','Product',12,1,'2023-09-29 11:13:21.963222','2023-09-29 11:13:21.963222');
INSERT INTO notifications VALUES(157,'Your Product Updated','Product',12,1,'2023-09-29 11:13:24.536807','2023-09-29 11:13:24.536807');
INSERT INTO notifications VALUES(158,'Your Product Created','Product',12,1,'2023-09-29 11:14:27.018922','2023-09-29 11:14:27.018922');
INSERT INTO notifications VALUES(159,'Your Product Updated','Product',12,1,'2023-09-29 11:14:29.942299','2023-09-29 11:14:29.942299');
INSERT INTO notifications VALUES(160,'Your Product Updated','Product',12,1,'2023-09-29 11:18:51.066376','2023-09-29 11:18:51.066376');
INSERT INTO notifications VALUES(161,'Your Product Updated','Product',12,1,'2023-09-29 11:18:52.442160','2023-09-29 11:18:52.442160');
INSERT INTO notifications VALUES(162,'Your Product Created','Product',13,15,'2023-09-29 11:59:20.494985','2023-09-29 11:59:20.494985');
INSERT INTO notifications VALUES(163,'Your Product Updated','Product',13,15,'2023-09-29 11:59:23.737713','2023-09-29 11:59:23.737713');
INSERT INTO notifications VALUES(164,'Your Product Updated','Product',13,15,'2023-09-29 11:59:31.887502','2023-09-29 11:59:31.887502');
INSERT INTO notifications VALUES(165,'Your Product Updated','Product',13,15,'2023-09-29 12:06:16.391207','2023-09-29 12:06:16.391207');
INSERT INTO notifications VALUES(166,'Your Order Is Placed','Order',NULL,20,'2023-09-29 12:06:17.766677','2023-09-29 12:06:17.766677');
INSERT INTO notifications VALUES(167,'Your Product Updated','Product',13,15,'2023-09-29 12:27:19.266823','2023-09-29 12:27:19.266823');
INSERT INTO notifications VALUES(168,'Your Product Updated','Product',13,15,'2023-09-29 12:40:25.148101','2023-09-29 12:40:25.148101');
INSERT INTO notifications VALUES(169,'Your Order Is Placed','Order',NULL,20,'2023-09-29 12:40:26.681626','2023-09-29 12:40:26.681626');
INSERT INTO notifications VALUES(170,'Your Product Updated','Product',13,15,'2023-09-29 12:41:12.304508','2023-09-29 12:41:12.304508');
INSERT INTO notifications VALUES(171,'Your Order Is Placed','Order',NULL,20,'2023-09-29 12:41:13.655822','2023-09-29 12:41:13.655822');
INSERT INTO notifications VALUES(172,'Your Product Updated','Product',13,15,'2023-09-29 12:42:30.996228','2023-09-29 12:42:30.996228');
INSERT INTO notifications VALUES(173,'Your Order Is Placed','Order',NULL,20,'2023-09-29 12:42:32.386049','2023-09-29 12:42:32.386049');
INSERT INTO notifications VALUES(174,'Your Product Updated','Product',13,15,'2023-09-29 12:45:02.026446','2023-09-29 12:45:02.026446');
INSERT INTO notifications VALUES(175,'Your Order Is Placed','Order',NULL,20,'2023-09-29 12:45:03.512985','2023-09-29 12:45:03.512985');
INSERT INTO notifications VALUES(176,'Your Product Updated','Product',13,15,'2023-09-29 12:50:17.687098','2023-09-29 12:50:17.687098');
INSERT INTO notifications VALUES(177,'Your Order Is Placed','Order',NULL,20,'2023-09-29 12:50:19.086123','2023-09-29 12:50:19.086123');
INSERT INTO notifications VALUES(178,'Your Product Updated','Product',13,15,'2023-09-29 13:00:31.605299','2023-09-29 13:00:31.605299');
INSERT INTO notifications VALUES(179,'Your Product Updated','Product',13,15,'2023-09-29 13:10:39.739954','2023-09-29 13:10:39.739954');
INSERT INTO notifications VALUES(180,'Your Order Is Placed','Order',1,20,'2023-09-29 13:10:53.690053','2023-09-29 13:10:53.690053');
INSERT INTO notifications VALUES(181,'Your Product Updated','Product',13,15,'2023-09-29 13:31:35.418881','2023-09-29 13:31:35.418881');
INSERT INTO notifications VALUES(182,'Your Product Updated','Product',1,1,'2023-09-29 13:40:53.559927','2023-09-29 13:40:53.559927');
INSERT INTO notifications VALUES(183,'Your Product Updated','Product',2,1,'2023-09-29 13:40:55.486836','2023-09-29 13:40:55.486836');
INSERT INTO notifications VALUES(184,'Your Product Updated','Product',3,1,'2023-09-29 13:40:57.293963','2023-09-29 13:40:57.293963');
INSERT INTO notifications VALUES(185,'Your Product Updated','Product',4,1,'2023-09-29 13:40:59.221173','2023-09-29 13:40:59.221173');
INSERT INTO notifications VALUES(186,'Your Product Updated','Product',5,1,'2023-09-29 13:41:01.020780','2023-09-29 13:41:01.020780');
INSERT INTO notifications VALUES(187,'Your Product Updated','Product',6,1,'2023-09-29 13:41:03.057837','2023-09-29 13:41:03.057837');
INSERT INTO notifications VALUES(188,'Your Product Updated','Product',7,1,'2023-09-29 13:41:04.710062','2023-09-29 13:41:04.710062');
INSERT INTO notifications VALUES(189,'Your Product Updated','Product',8,1,'2023-09-29 13:41:06.657622','2023-09-29 13:41:06.657622');
INSERT INTO notifications VALUES(190,'Your Product Updated','Product',9,1,'2023-09-29 13:41:08.565309','2023-09-29 13:41:08.565309');
INSERT INTO notifications VALUES(191,'Your Product Updated','Product',10,1,'2023-09-29 13:41:10.435312','2023-09-29 13:41:10.435312');
INSERT INTO notifications VALUES(192,'Your Product Updated','Product',11,15,'2023-09-29 13:41:12.105956','2023-09-29 13:41:12.105956');
INSERT INTO notifications VALUES(193,'Your Product Updated','Product',12,1,'2023-09-29 13:41:13.850952','2023-09-29 13:41:13.850952');
INSERT INTO notifications VALUES(194,'Your Product Updated','Product',13,15,'2023-09-29 13:41:15.613190','2023-09-29 13:41:15.613190');
INSERT INTO notifications VALUES(195,'Your Product Updated','Product',4,1,'2023-09-30 12:50:57.341175','2023-09-30 12:50:57.341175');
INSERT INTO notifications VALUES(196,'Your Order Is Placed','Order',1,2,'2023-09-30 12:51:08.605238','2023-09-30 12:51:08.605238');
INSERT INTO notifications VALUES(197,'Your Product Updated','Product',4,1,'2023-09-30 13:07:59.679567','2023-09-30 13:07:59.679567');
INSERT INTO notifications VALUES(198,'Your Order Is Placed','Order',1,2,'2023-09-30 13:08:32.507067','2023-09-30 13:08:32.507067');
INSERT INTO notifications VALUES(199,'Your Product Updated','Product',4,1,'2023-09-30 13:12:03.674036','2023-09-30 13:12:03.674036');
INSERT INTO notifications VALUES(200,'Your Order Is Placed','Order',1,2,'2023-09-30 13:12:03.709105','2023-09-30 13:12:03.709105');
INSERT INTO notifications VALUES(201,'Your Product Updated','Product',3,1,'2023-09-30 14:15:04.062240','2023-09-30 14:15:04.062240');
INSERT INTO notifications VALUES(202,'Your Order Is Placed','Order',1,2,'2023-09-30 14:15:04.099720','2023-09-30 14:15:04.099720');
INSERT INTO notifications VALUES(203,'Your Product Updated','Product',4,1,'2023-09-30 14:15:30.677400','2023-09-30 14:15:30.677400');
INSERT INTO notifications VALUES(204,'Your Order Is Placed','Order',2,2,'2023-09-30 14:15:30.700148','2023-09-30 14:15:30.700148');
INSERT INTO notifications VALUES(205,'Your Product Updated','Product',4,1,'2023-09-30 14:23:28.890734','2023-09-30 14:23:28.890734');
INSERT INTO notifications VALUES(206,'Your Order Is Placed','Order',1,2,'2023-09-30 14:23:28.935790','2023-09-30 14:23:28.935790');
INSERT INTO notifications VALUES(207,'Your Product Updated','Product',2,1,'2023-10-03 05:13:55.254719','2023-10-03 05:13:55.254719');
INSERT INTO notifications VALUES(208,'Your Order Is Placed','Order',1,2,'2023-10-03 05:13:55.286227','2023-10-03 05:13:55.286227');
INSERT INTO notifications VALUES(209,'Your Product Updated','Product',1,1,'2023-10-03 05:20:14.143290','2023-10-03 05:20:14.143290');
INSERT INTO notifications VALUES(210,'Your Order Is Placed','Order',2,2,'2023-10-03 05:20:14.165099','2023-10-03 05:20:14.165099');
INSERT INTO notifications VALUES(211,'Your Product Updated','Product',3,1,'2023-10-03 05:30:27.326544','2023-10-03 05:30:27.326544');
INSERT INTO notifications VALUES(212,'Your Order Is Placed','Order',3,2,'2023-10-03 05:30:27.353862','2023-10-03 05:30:27.353862');
INSERT INTO notifications VALUES(213,'Your Product Updated','Product',2,1,'2023-10-03 05:35:11.575157','2023-10-03 05:35:11.575157');
INSERT INTO notifications VALUES(214,'Your Order Is Placed','Order',1,2,'2023-10-03 05:35:11.603365','2023-10-03 05:35:11.603365');
INSERT INTO notifications VALUES(215,'Your Product Updated','Product',4,1,'2023-10-03 05:37:51.375471','2023-10-03 05:37:51.375471');
INSERT INTO notifications VALUES(216,'Your Order Is Placed','Order',3,2,'2023-10-03 05:37:51.407858','2023-10-03 05:37:51.407858');
INSERT INTO notifications VALUES(217,'Your Product Updated','Product',4,1,'2023-10-03 05:39:39.876745','2023-10-03 05:39:39.876745');
INSERT INTO notifications VALUES(218,'Your Order Is Placed','Order',4,2,'2023-10-03 05:39:39.905995','2023-10-03 05:39:39.905995');
INSERT INTO notifications VALUES(219,'Your Product Updated','Product',3,1,'2023-10-03 05:45:33.993557','2023-10-03 05:45:33.993557');
INSERT INTO notifications VALUES(220,'Your Order Is Placed','Order',5,2,'2023-10-03 05:45:34.021964','2023-10-03 05:45:34.021964');
INSERT INTO notifications VALUES(221,'Your Product Updated','Product',3,1,'2023-10-03 05:51:53.951781','2023-10-03 05:51:53.951781');
INSERT INTO notifications VALUES(222,'Your Order Is Placed','Order',1,2,'2023-10-03 05:51:53.984825','2023-10-03 05:51:53.984825');
INSERT INTO notifications VALUES(223,'Your Product Updated','Product',3,1,'2023-10-03 05:53:17.943199','2023-10-03 05:53:17.943199');
INSERT INTO notifications VALUES(224,'Your Order Is Placed','Order',2,2,'2023-10-03 05:53:17.970775','2023-10-03 05:53:17.970775');
INSERT INTO notifications VALUES(225,'Your Product Updated','Product',3,1,'2023-10-03 05:58:04.213726','2023-10-03 05:58:04.213726');
INSERT INTO notifications VALUES(226,'Your Order Is Placed','Order',1,2,'2023-10-03 05:58:04.255023','2023-10-03 05:58:04.255023');
INSERT INTO notifications VALUES(227,'Your Product Updated','Product',3,1,'2023-10-03 06:05:42.421025','2023-10-03 06:05:42.421025');
INSERT INTO notifications VALUES(228,'Your Product Updated','Product',13,15,'2023-10-03 06:05:42.469455','2023-10-03 06:05:42.469455');
INSERT INTO notifications VALUES(229,'Your Order Is Placed','Order',2,2,'2023-10-03 06:05:42.497040','2023-10-03 06:05:42.497040');
INSERT INTO notifications VALUES(230,'Your Product Updated','Product',3,1,'2023-10-03 06:12:09.043764','2023-10-03 06:12:09.043764');
INSERT INTO notifications VALUES(231,'Your Product Updated','Product',4,1,'2023-10-03 06:12:09.070321','2023-10-03 06:12:09.070321');
INSERT INTO notifications VALUES(232,'Your Order Is Placed','Order',1,2,'2023-10-03 06:12:09.094089','2023-10-03 06:12:09.094089');
INSERT INTO notifications VALUES(233,'Your Product Updated','Product',3,1,'2023-10-03 06:15:16.778286','2023-10-03 06:15:16.778286');
INSERT INTO notifications VALUES(234,'Your Product Updated','Product',2,1,'2023-10-03 06:16:36.505963','2023-10-03 06:16:36.505963');
INSERT INTO notifications VALUES(235,'Your Product Updated','Product',4,1,'2023-10-03 06:16:36.523335','2023-10-03 06:16:36.523335');
INSERT INTO notifications VALUES(236,'Your Order Is Placed','Order',1,2,'2023-10-03 06:16:36.546875','2023-10-03 06:16:36.546875');
INSERT INTO notifications VALUES(237,'Your Product Updated','Product',3,1,'2023-10-03 06:18:55.504525','2023-10-03 06:18:55.504525');
INSERT INTO notifications VALUES(238,'Your Product Updated','Product',4,1,'2023-10-03 06:18:55.520820','2023-10-03 06:18:55.520820');
INSERT INTO notifications VALUES(239,'Your Order Is Placed','Order',2,2,'2023-10-03 06:18:55.537483','2023-10-03 06:18:55.537483');
INSERT INTO notifications VALUES(240,'Your Order Is Canceled','Order',2,2,'2023-10-03 06:37:32.010654','2023-10-03 06:37:32.010654');
INSERT INTO notifications VALUES(241,'Your Product Updated','Product',3,1,'2023-10-03 06:42:29.339514','2023-10-03 06:42:29.339514');
INSERT INTO notifications VALUES(242,'Your Product Updated','Product',4,1,'2023-10-03 06:42:29.356973','2023-10-03 06:42:29.356973');
INSERT INTO notifications VALUES(243,'Your Order Is Placed','Order',1,2,'2023-10-03 06:42:29.378083','2023-10-03 06:42:29.378083');
INSERT INTO notifications VALUES(244,'Your Order Is Canceled','Order',1,2,'2023-10-03 06:43:38.768595','2023-10-03 06:43:38.768595');
INSERT INTO notifications VALUES(245,'Your Product Updated','Product',2,1,'2023-10-03 06:55:58.517729','2023-10-03 06:55:58.517729');
INSERT INTO notifications VALUES(246,'Your Product Updated','Product',3,1,'2023-10-03 06:55:58.534263','2023-10-03 06:55:58.534263');
INSERT INTO notifications VALUES(247,'Your Order Is Placed','Order',2,2,'2023-10-03 06:55:58.549584','2023-10-03 06:55:58.549584');
INSERT INTO notifications VALUES(248,'Your Product Updated','Product',2,1,'2023-10-03 06:56:43.497196','2023-10-03 06:56:43.497196');
INSERT INTO notifications VALUES(249,'Your Order Is Placed','Order',3,2,'2023-10-03 06:56:43.515024','2023-10-03 06:56:43.515024');
INSERT INTO notifications VALUES(250,'Your Order Is Canceled','Order',3,2,'2023-10-03 06:58:32.346602','2023-10-03 06:58:32.346602');
INSERT INTO notifications VALUES(251,'Your Product Updated','Product',2,1,'2023-10-03 07:38:41.367201','2023-10-03 07:38:41.367201');
INSERT INTO notifications VALUES(252,'Your Product Updated','Product',3,1,'2023-10-03 07:38:41.383349','2023-10-03 07:38:41.383349');
INSERT INTO notifications VALUES(253,'Your Order Is Placed','Order',4,2,'2023-10-03 07:38:41.409238','2023-10-03 07:38:41.409238');
INSERT INTO notifications VALUES(254,'Your Product Updated','Product',2,1,'2023-10-03 07:39:13.545144','2023-10-03 07:39:13.545144');
INSERT INTO notifications VALUES(255,'Your Order Is Placed','Order',6,2,'2023-10-03 07:39:13.563754','2023-10-03 07:39:13.563754');
INSERT INTO notifications VALUES(256,'Your Product Updated','Product',2,1,'2023-10-03 07:39:47.854207','2023-10-03 07:39:47.854207');
INSERT INTO notifications VALUES(257,'Your Order Is Placed','Order',1,2,'2023-10-03 07:39:47.875731','2023-10-03 07:39:47.875731');
INSERT INTO notifications VALUES(258,'Your Product Updated','Product',5,1,'2023-10-03 08:07:29.341071','2023-10-03 08:07:29.341071');
INSERT INTO notifications VALUES(259,'Your Product Updated','Product',5,1,'2023-10-03 08:07:29.351339','2023-10-03 08:07:29.351339');
INSERT INTO notifications VALUES(260,'Your Product Updated','Product',3,1,'2023-10-03 08:07:38.694350','2023-10-03 08:07:38.694350');
INSERT INTO notifications VALUES(261,'Your Product Updated','Product',3,1,'2023-10-03 08:07:38.707199','2023-10-03 08:07:38.707199');
INSERT INTO notifications VALUES(262,'Your Product Updated','Product',2,1,'2023-10-03 08:07:48.485929','2023-10-03 08:07:48.485929');
INSERT INTO notifications VALUES(263,'Your Product Updated','Product',2,1,'2023-10-03 08:07:48.495964','2023-10-03 08:07:48.495964');
INSERT INTO notifications VALUES(264,'Your Order Is Canceled','Order',1,2,'2023-10-03 09:20:15.789159','2023-10-03 09:20:15.789159');
INSERT INTO notifications VALUES(265,'Your Product Updated','Product',2,1,'2023-10-03 09:25:07.433391','2023-10-03 09:25:07.433391');
INSERT INTO notifications VALUES(266,'Your Order Is Placed','Order',2,2,'2023-10-03 09:25:07.454609','2023-10-03 09:25:07.454609');
INSERT INTO notifications VALUES(267,'Your Product Updated','Product',2,1,'2023-10-03 09:41:26.441800','2023-10-03 09:41:26.441800');
INSERT INTO notifications VALUES(268,'Your Order Is Placed','Order',3,2,'2023-10-03 09:41:26.464506','2023-10-03 09:41:26.464506');
INSERT INTO notifications VALUES(269,'Your Product Updated','Product',3,1,'2023-10-03 10:07:46.090583','2023-10-03 10:07:46.090583');
INSERT INTO notifications VALUES(270,'Your Order Is Placed','Order',4,2,'2023-10-03 10:07:46.136027','2023-10-03 10:07:46.136027');
INSERT INTO notifications VALUES(271,'Your Product Updated','Product',3,1,'2023-10-03 10:13:30.595806','2023-10-03 10:13:30.595806');
INSERT INTO notifications VALUES(272,'Your Product Updated','Product',2,1,'2023-10-03 10:31:20.914939','2023-10-03 10:31:20.914939');
INSERT INTO notifications VALUES(273,'Your Product Updated','Product',2,1,'2023-10-03 11:02:12.743751','2023-10-03 11:02:12.743751');
INSERT INTO notifications VALUES(274,'Your Order Is Placed','Order',3,2,'2023-10-03 11:02:37.306289','2023-10-03 11:02:37.306289');
INSERT INTO notifications VALUES(275,'Your Product Updated','Product',11,15,'2023-10-03 11:39:15.235537','2023-10-03 11:39:15.235537');
INSERT INTO notifications VALUES(276,'Your Order Is Placed','Order',1,2,'2023-10-03 11:39:39.248358','2023-10-03 11:39:39.248358');
INSERT INTO notifications VALUES(277,'Your Product Updated','Product',3,1,'2023-10-04 09:46:38.098878','2023-10-04 09:46:38.098878');
INSERT INTO notifications VALUES(278,'Your Product Updated','Product',2,1,'2023-10-04 09:46:38.115326','2023-10-04 09:46:38.115326');
INSERT INTO notifications VALUES(279,'Your Order Is Placed','Order',2,2,'2023-10-04 09:47:05.009949','2023-10-04 09:47:05.009949');
INSERT INTO notifications VALUES(280,'Your Product Updated','Product',13,15,'2023-10-05 11:56:00.025009','2023-10-05 11:56:00.025009');
INSERT INTO notifications VALUES(281,'Your Product Updated','Product',13,15,'2023-10-05 11:56:00.037194','2023-10-05 11:56:00.037194');
INSERT INTO notifications VALUES(282,'Your Product Updated','Product',13,15,'2023-10-06 05:37:21.928485','2023-10-06 05:37:21.928485');
INSERT INTO notifications VALUES(283,'Your Product Updated','Product',13,15,'2023-10-06 05:37:21.941567','2023-10-06 05:37:21.941567');
INSERT INTO notifications VALUES(284,'Your Product Updated','Product',13,15,'2023-10-06 05:40:22.669485','2023-10-06 05:40:22.669485');
INSERT INTO notifications VALUES(285,'Your Product Updated','Product',13,15,'2023-10-06 05:40:22.677925','2023-10-06 05:40:22.677925');
INSERT INTO notifications VALUES(286,'Your Product Created','Product',14,3,'2023-10-06 05:49:25.222749','2023-10-06 05:49:25.222749');
INSERT INTO notifications VALUES(287,'Your Product Created','Product',15,3,'2023-10-06 05:49:59.333351','2023-10-06 05:49:59.333351');
INSERT INTO notifications VALUES(288,'Your Product Updated','Product',15,3,'2023-10-06 05:50:00.978434','2023-10-06 05:50:00.978434');
INSERT INTO notifications VALUES(289,'Your Product Updated','Product',15,3,'2023-10-06 05:50:02.578258','2023-10-06 05:50:02.578258');
INSERT INTO notifications VALUES(290,'Your Product Updated','Product',14,3,'2023-10-06 05:50:41.455139','2023-10-06 05:50:41.455139');
INSERT INTO notifications VALUES(291,'Your Product Updated','Product',14,3,'2023-10-06 05:50:41.469611','2023-10-06 05:50:41.469611');
INSERT INTO notifications VALUES(292,'Your Product Created','Product',14,3,'2023-10-06 05:52:44.108315','2023-10-06 05:52:44.108315');
INSERT INTO notifications VALUES(293,'Your Product Updated','Product',14,3,'2023-10-06 05:52:45.821148','2023-10-06 05:52:45.821148');
INSERT INTO notifications VALUES(294,'Your Product Updated','Product',14,3,'2023-10-06 05:52:46.938555','2023-10-06 05:52:46.938555');
INSERT INTO notifications VALUES(295,'Your Product Updated','Product',13,15,'2023-10-06 06:00:55.112801','2023-10-06 06:00:55.112801');
INSERT INTO notifications VALUES(296,'Your Product Updated','Product',13,15,'2023-10-06 06:00:55.121800','2023-10-06 06:00:55.121800');
INSERT INTO notifications VALUES(297,'Your Product Updated','Product',13,15,'2023-10-06 06:03:27.021007','2023-10-06 06:03:27.021007');
INSERT INTO notifications VALUES(298,'Your Product Updated','Product',13,15,'2023-10-06 06:03:27.032130','2023-10-06 06:03:27.032130');
INSERT INTO notifications VALUES(299,'Your Product Updated','Product',13,15,'2023-10-06 06:09:28.093667','2023-10-06 06:09:28.093667');
INSERT INTO notifications VALUES(300,'Your Product Updated','Product',13,15,'2023-10-06 06:09:28.101591','2023-10-06 06:09:28.101591');
INSERT INTO notifications VALUES(301,'Your Product Updated','Product',13,15,'2023-10-06 06:29:13.095865','2023-10-06 06:29:13.095865');
INSERT INTO notifications VALUES(302,'Your Product Updated','Product',13,15,'2023-10-06 06:29:13.119153','2023-10-06 06:29:13.119153');
INSERT INTO notifications VALUES(303,'Your Product Updated','Product',13,15,'2023-10-06 06:29:59.736818','2023-10-06 06:29:59.736818');
INSERT INTO notifications VALUES(304,'Your Product Updated','Product',13,15,'2023-10-06 06:29:59.767146','2023-10-06 06:29:59.767146');
INSERT INTO notifications VALUES(305,'Your Product Updated','Product',13,15,'2023-10-06 06:56:34.682661','2023-10-06 06:56:34.682661');
INSERT INTO notifications VALUES(306,'Your Product Updated','Product',13,15,'2023-10-06 06:56:34.699937','2023-10-06 06:56:34.699937');
INSERT INTO notifications VALUES(307,'Your Product Updated','Product',13,15,'2023-10-06 06:57:56.514730','2023-10-06 06:57:56.514730');
INSERT INTO notifications VALUES(308,'Your Product Updated','Product',13,15,'2023-10-06 06:57:56.530637','2023-10-06 06:57:56.530637');
INSERT INTO notifications VALUES(309,'Your Product Updated','Product',13,15,'2023-10-06 06:59:59.116817','2023-10-06 06:59:59.116817');
INSERT INTO notifications VALUES(310,'Your Product Updated','Product',13,15,'2023-10-06 06:59:59.130533','2023-10-06 06:59:59.130533');
INSERT INTO notifications VALUES(311,'Your Product Updated','Product',13,15,'2023-10-06 07:00:37.057756','2023-10-06 07:00:37.057756');
INSERT INTO notifications VALUES(312,'Your Product Updated','Product',13,15,'2023-10-06 07:00:37.071748','2023-10-06 07:00:37.071748');
INSERT INTO notifications VALUES(313,'Your Product Updated','Product',13,15,'2023-10-06 07:01:35.068086','2023-10-06 07:01:35.068086');
INSERT INTO notifications VALUES(314,'Your Product Updated','Product',13,15,'2023-10-06 07:01:35.084590','2023-10-06 07:01:35.084590');
INSERT INTO notifications VALUES(315,'Your Product Updated','Product',13,15,'2023-10-06 07:01:58.859540','2023-10-06 07:01:58.859540');
INSERT INTO notifications VALUES(316,'Your Product Updated','Product',13,15,'2023-10-06 07:01:58.871261','2023-10-06 07:01:58.871261');
INSERT INTO notifications VALUES(317,'Your Product Updated','Product',13,15,'2023-10-06 07:05:51.507546','2023-10-06 07:05:51.507546');
INSERT INTO notifications VALUES(318,'Your Product Updated','Product',13,15,'2023-10-06 07:05:51.521476','2023-10-06 07:05:51.521476');
INSERT INTO notifications VALUES(319,'Your Product Updated','Product',14,3,'2023-10-06 07:08:24.858866','2023-10-06 07:08:24.858866');
INSERT INTO notifications VALUES(320,'Your Product Updated','Product',14,3,'2023-10-06 07:08:24.875610','2023-10-06 07:08:24.875610');
INSERT INTO notifications VALUES(321,'Your Product Updated','Product',14,3,'2023-10-06 07:08:49.278815','2023-10-06 07:08:49.278815');
INSERT INTO notifications VALUES(322,'Your Product Updated','Product',14,3,'2023-10-06 07:08:49.296143','2023-10-06 07:08:49.296143');
INSERT INTO notifications VALUES(323,'Your Product Created','Product',15,3,'2023-10-06 07:16:19.262669','2023-10-06 07:16:19.262669');
INSERT INTO notifications VALUES(324,'Your Product Updated','Product',15,3,'2023-10-06 07:16:20.812425','2023-10-06 07:16:20.812425');
INSERT INTO notifications VALUES(325,'Your Product Updated','Product',15,3,'2023-10-06 07:16:21.925445','2023-10-06 07:16:21.925445');
INSERT INTO notifications VALUES(326,'Your Product Updated','Product',15,3,'2023-10-06 07:26:49.649513','2023-10-06 07:26:49.649513');
INSERT INTO notifications VALUES(327,'Your Product Updated','Product',15,3,'2023-10-06 07:26:49.673644','2023-10-06 07:26:49.673644');
INSERT INTO notifications VALUES(328,'Your Product Updated','Product',15,3,'2023-10-06 07:27:53.062889','2023-10-06 07:27:53.062889');
INSERT INTO notifications VALUES(329,'Your Product Updated','Product',15,3,'2023-10-06 07:27:53.079423','2023-10-06 07:27:53.079423');
INSERT INTO notifications VALUES(330,'Your Product Updated','Product',13,15,'2023-10-06 07:51:23.372913','2023-10-06 07:51:23.372913');
INSERT INTO notifications VALUES(331,'Your Product Updated','Product',13,15,'2023-10-06 07:51:23.400451','2023-10-06 07:51:23.400451');
INSERT INTO notifications VALUES(332,'Your Product Updated','Product',13,15,'2023-10-06 10:14:29.761778','2023-10-06 10:14:29.761778');
INSERT INTO notifications VALUES(333,'Your Product Updated','Product',13,15,'2023-10-06 10:14:29.775800','2023-10-06 10:14:29.775800');
INSERT INTO notifications VALUES(334,'Your Product Updated','Product',13,15,'2023-10-06 10:29:58.599893','2023-10-06 10:29:58.599893');
INSERT INTO notifications VALUES(335,'Your Product Updated','Product',13,15,'2023-10-06 10:29:58.626043','2023-10-06 10:29:58.626043');
INSERT INTO notifications VALUES(336,'Your Product Updated','Product',13,15,'2023-10-06 10:31:30.671198','2023-10-06 10:31:30.671198');
INSERT INTO notifications VALUES(337,'Your Product Updated','Product',13,15,'2023-10-06 10:31:30.681820','2023-10-06 10:31:30.681820');
INSERT INTO notifications VALUES(338,'Your Product Updated','Product',13,15,'2023-10-06 10:39:29.079077','2023-10-06 10:39:29.079077');
INSERT INTO notifications VALUES(339,'Your Product Updated','Product',13,15,'2023-10-06 10:39:29.100352','2023-10-06 10:39:29.100352');
INSERT INTO notifications VALUES(340,'Your Product Updated','Product',13,15,'2023-10-06 11:01:22.863438','2023-10-06 11:01:22.863438');
INSERT INTO notifications VALUES(341,'Your Product Updated','Product',13,15,'2023-10-06 11:01:22.877801','2023-10-06 11:01:22.877801');
INSERT INTO notifications VALUES(342,'Your Product Updated','Product',13,15,'2023-10-06 11:03:23.809833','2023-10-06 11:03:23.809833');
INSERT INTO notifications VALUES(343,'Your Product Updated','Product',13,15,'2023-10-06 11:03:23.824374','2023-10-06 11:03:23.824374');
INSERT INTO notifications VALUES(344,'Your Product Updated','Product',13,15,'2023-10-06 12:12:24.680126','2023-10-06 12:12:24.680126');
INSERT INTO notifications VALUES(345,'Your Product Updated','Product',13,15,'2023-10-06 12:13:47.765706','2023-10-06 12:13:47.765706');
INSERT INTO notifications VALUES(346,'Your Product Updated','Product',1,3,'2023-10-06 12:27:36.435559','2023-10-06 12:27:36.435559');
INSERT INTO notifications VALUES(347,'Your Product Updated','Product',1,3,'2023-10-06 12:27:36.450756','2023-10-06 12:27:36.450756');
INSERT INTO notifications VALUES(348,'Your Product Updated','Product',2,3,'2023-10-06 12:31:17.185506','2023-10-06 12:31:17.185506');
INSERT INTO notifications VALUES(349,'Your Product Updated','Product',2,3,'2023-10-06 12:31:17.196098','2023-10-06 12:31:17.196098');
INSERT INTO notifications VALUES(350,'Your Product Updated','Product',3,3,'2023-10-06 12:34:13.059286','2023-10-06 12:34:13.059286');
INSERT INTO notifications VALUES(351,'Your Product Updated','Product',3,3,'2023-10-06 12:34:13.071194','2023-10-06 12:34:13.071194');
INSERT INTO notifications VALUES(352,'Your Product Updated','Product',4,15,'2023-10-06 12:35:13.157397','2023-10-06 12:35:13.157397');
INSERT INTO notifications VALUES(353,'Your Product Updated','Product',4,15,'2023-10-06 12:35:13.169716','2023-10-06 12:35:13.169716');
INSERT INTO notifications VALUES(354,'Your Product Updated','Product',5,3,'2023-10-06 12:41:05.708444','2023-10-06 12:41:05.708444');
INSERT INTO notifications VALUES(355,'Your Product Updated','Product',5,3,'2023-10-06 12:41:05.720074','2023-10-06 12:41:05.720074');
INSERT INTO notifications VALUES(356,'Your Product Updated','Product',6,15,'2023-10-06 12:41:25.760059','2023-10-06 12:41:25.760059');
INSERT INTO notifications VALUES(357,'Your Product Updated','Product',6,15,'2023-10-06 12:41:25.770189','2023-10-06 12:41:25.770189');
INSERT INTO notifications VALUES(358,'Your Product Updated','Product',7,3,'2023-10-06 12:41:52.024183','2023-10-06 12:41:52.024183');
INSERT INTO notifications VALUES(359,'Your Product Updated','Product',7,3,'2023-10-06 12:41:52.038251','2023-10-06 12:41:52.038251');
INSERT INTO notifications VALUES(360,'Your Product Updated','Product',8,15,'2023-10-06 12:42:12.635881','2023-10-06 12:42:12.635881');
INSERT INTO notifications VALUES(361,'Your Product Updated','Product',8,15,'2023-10-06 12:42:12.648840','2023-10-06 12:42:12.648840');
INSERT INTO notifications VALUES(362,'Your Product Updated','Product',9,3,'2023-10-06 12:42:37.451897','2023-10-06 12:42:37.451897');
INSERT INTO notifications VALUES(363,'Your Product Updated','Product',9,3,'2023-10-06 12:42:37.464570','2023-10-06 12:42:37.464570');
INSERT INTO notifications VALUES(364,'Your Product Updated','Product',10,3,'2023-10-06 12:43:02.964843','2023-10-06 12:43:02.964843');
INSERT INTO notifications VALUES(365,'Your Product Updated','Product',10,3,'2023-10-06 12:43:02.978121','2023-10-06 12:43:02.978121');
INSERT INTO notifications VALUES(366,'Your Product Updated','Product',11,15,'2023-10-06 12:43:21.060962','2023-10-06 12:43:21.060962');
INSERT INTO notifications VALUES(367,'Your Product Updated','Product',11,15,'2023-10-06 12:43:21.074823','2023-10-06 12:43:21.074823');
INSERT INTO notifications VALUES(368,'Your Product Updated','Product',12,3,'2023-10-06 12:43:41.440386','2023-10-06 12:43:41.440386');
INSERT INTO notifications VALUES(369,'Your Product Updated','Product',12,3,'2023-10-06 12:43:41.450963','2023-10-06 12:43:41.450963');
INSERT INTO notifications VALUES(370,'Your Product Updated','Product',15,3,'2023-10-06 12:44:06.401276','2023-10-06 12:44:06.401276');
INSERT INTO notifications VALUES(371,'Your Product Updated','Product',15,3,'2023-10-06 12:44:06.415435','2023-10-06 12:44:06.415435');
INSERT INTO notifications VALUES(372,'Your Product Updated','Product',14,3,'2023-10-06 12:45:03.059754','2023-10-06 12:45:03.059754');
INSERT INTO notifications VALUES(373,'Your Product Updated','Product',14,3,'2023-10-06 12:45:03.073899','2023-10-06 12:45:03.073899');
INSERT INTO notifications VALUES(374,'Your Product Updated','Product',13,15,'2023-10-06 12:45:09.708203','2023-10-06 12:45:09.708203');
INSERT INTO notifications VALUES(375,'Your Product Updated','Product',13,15,'2023-10-06 12:45:09.719778','2023-10-06 12:45:09.719778');
CREATE TABLE IF NOT EXISTS "otps" ("id" integer PRIMARY KEY AUTOINCREMENT NOT NULL, "onetp" integer, "user_id" integer, "created_at" datetime(6) NOT NULL, "updated_at" datetime(6) NOT NULL);
INSERT INTO otps VALUES(65,3941,3,'2023-09-18 05:12:51.612706','2023-09-18 05:12:51.612706');
INSERT INTO otps VALUES(66,2686,3,'2023-09-18 05:17:33.604182','2023-09-18 05:17:33.604182');
INSERT INTO otps VALUES(67,6089,3,'2023-09-18 05:40:48.764220','2023-09-18 05:40:48.764220');
INSERT INTO otps VALUES(68,7025,3,'2023-09-18 05:57:39.708778','2023-09-18 05:57:39.708778');
INSERT INTO otps VALUES(69,7373,3,'2023-09-18 06:04:59.161277','2023-09-18 06:04:59.161277');
INSERT INTO otps VALUES(70,5530,3,'2023-09-18 06:08:41.154135','2023-09-18 06:08:41.154135');
INSERT INTO otps VALUES(71,8913,3,'2023-09-18 06:10:31.933736','2023-09-18 06:10:31.933736');
INSERT INTO otps VALUES(72,6384,3,'2023-09-18 06:12:30.567843','2023-09-18 06:12:30.567843');
INSERT INTO otps VALUES(73,4806,3,'2023-09-18 06:13:50.812238','2023-09-18 06:13:50.812238');
INSERT INTO otps VALUES(74,2715,3,'2023-09-18 06:41:16.568595','2023-09-18 06:41:16.568595');
INSERT INTO otps VALUES(75,2974,3,'2023-09-18 06:44:56.174490','2023-09-18 06:44:56.174490');
INSERT INTO otps VALUES(76,8591,3,'2023-09-18 06:51:56.075464','2023-09-18 06:51:56.075464');
INSERT INTO otps VALUES(77,2485,3,'2023-09-18 06:57:07.017482','2023-09-18 06:57:07.017482');
INSERT INTO otps VALUES(78,3584,15,'2023-09-18 07:48:25.631296','2023-09-18 07:48:25.631296');
INSERT INTO otps VALUES(79,4140,3,'2023-09-19 06:55:28.937536','2023-09-19 06:55:28.937536');
INSERT INTO otps VALUES(80,8600,3,'2023-10-03 04:40:41.566507','2023-10-03 04:40:41.566507');
INSERT INTO otps VALUES(81,7655,15,'2023-10-03 11:17:17.267522','2023-10-03 11:17:17.267522');
CREATE TABLE IF NOT EXISTS "orders" ("id" integer NOT NULL PRIMARY KEY, "description" text DEFAULT NULL, "payment_method" integer DEFAULT NULL, "status" integer DEFAULT NULL, "track_id" varchar DEFAULT NULL, "user_id" integer DEFAULT NULL, "address_id" integer DEFAULT NULL, "created_at" datetime(6) NOT NULL, "updated_at" datetime(6) NOT NULL);
INSERT INTO orders VALUES(1,'<div class= ''row''><div class=''col-auto''><b>1.</b></div> <div class=''col-auto''><b>Product Name:</b> One Plus Smart Phone,</div></div><div class=''row''><div class= ''col-auto''><b>Product Quantity:</b> 1,</div><div class=''col-auto''><b>Total Price:</b> 30800.0</div></div>',1,2,'TRC327349',2,7,'2023-10-03 11:39:15.213295','2023-10-03 11:39:39.211793');
INSERT INTO orders VALUES(2,'<div class= ''row''><div class=''col-auto''><b>1.</b></div> <div class=''col-auto''><b>Product Name:</b> Tv,</div></div><div class=''row''><div class= ''col-auto''><b>Product Quantity:</b> 1,</div><div class=''col-auto''><b>Total Price:</b> 23400.0</div></div><div class= ''row''><div class=''col-auto''><b>2.</b></div> <div class=''col-auto''><b>Product Name:</b> Realme Mobile ,</div></div><div class=''row''><div class= ''col-auto''><b>Product Quantity:</b> 1,</div><div class=''col-auto''><b>Total Price:</b> 19250.0</div></div>',1,2,'TRC340227',2,10,'2023-10-04 09:46:38.064331','2023-10-04 09:47:04.958480');
INSERT INTO orders VALUES(3,'<div class= ''row''><div class=''col-auto''><b>1.</b></div> <div class=''col-auto''><b>Product Name:</b> shirt,</div></div><div class=''row''><div class= ''col-auto''><b>Product Quantity:</b> 1,</div><div class=''col-auto''><b>Total Price:</b> 350.0</div></div>',0,0,'TRC167916',2,10,'2023-10-06 12:12:22.409356','2023-10-06 12:12:24.688556');
INSERT INTO orders VALUES(4,'<div class= ''row''><div class=''col-auto''><b>1.</b></div> <div class=''col-auto''><b>Product Name:</b> shirt,</div></div><div class=''row''><div class= ''col-auto''><b>Product Quantity:</b> 1,</div><div class=''col-auto''><b>Total Price:</b> 350.0</div></div>',1,0,'TRC810823',2,11,'2023-10-06 12:13:47.740581','2023-10-06 12:13:47.774677');
CREATE TABLE IF NOT EXISTS "orders_products" ("id" integer PRIMARY KEY AUTOINCREMENT NOT NULL, "product_id" integer, "order_id" integer, "created_at" datetime(6) NOT NULL, "updated_at" datetime(6) NOT NULL);
INSERT INTO orders_products VALUES(82,11,1,'2023-10-03 11:39:15.215047','2023-10-03 11:39:15.215047');
INSERT INTO orders_products VALUES(83,3,2,'2023-10-04 09:46:38.070344','2023-10-04 09:46:38.070344');
INSERT INTO orders_products VALUES(84,2,2,'2023-10-04 09:46:38.071143','2023-10-04 09:46:38.071143');
INSERT INTO orders_products VALUES(85,13,3,'2023-10-06 12:12:22.410813','2023-10-06 12:12:22.410813');
INSERT INTO orders_products VALUES(86,13,4,'2023-10-06 12:13:47.742655','2023-10-06 12:13:47.742655');
CREATE TABLE IF NOT EXISTS "terms_and_conditions" ("id" integer PRIMARY KEY AUTOINCREMENT NOT NULL, "terms" text, "created_at" datetime(6) NOT NULL, "updated_at" datetime(6) NOT NULL);
INSERT INTO terms_and_conditions VALUES(1,replace(replace('E Commerce Terms of Use\r\n\r\nThere Will be 5% commission on the sell of Clothing products and also 2% tax will be deducted for the same.\r\n\r\n\r\nThere Will be 7% commission on the sell of Electronics products and also 2% tax will be deducted for the same.\r\n\r\n\r\nThere Will be 4% commission on the sell of Home-Appliances products and also 2% tax will be deducted for the same.\r\n\r\n','\r',char(13)),'\n',char(10)),'2023-09-18 06:56:45.488386','2023-10-03 04:55:45.343651');
CREATE TABLE IF NOT EXISTS "users" ("id" integer NOT NULL PRIMARY KEY, "email" varchar DEFAULT '' NOT NULL, "encrypted_password" varchar DEFAULT '' NOT NULL, "name" varchar DEFAULT NULL, "phone_number" varchar DEFAULT NULL, "role" integer DEFAULT NULL, "reset_password_token" varchar DEFAULT NULL, "reset_password_sent_at" datetime(6) DEFAULT NULL, "remember_created_at" datetime(6) DEFAULT NULL, "created_at" datetime(6) NOT NULL, "updated_at" datetime(6) NOT NULL, "fssi_no" varchar DEFAULT NULL, "notification_status" boolean DEFAULT NULL, "stripe_id" varchar);
INSERT INTO users VALUES(1,'sahubrajesh112@gmail.com','$2a$12$idts2vi3AVYhNd2hgQ52iub6XzEf6qrZXq8cN9kkWSmyFr2UZqH5C','Brajesh','7869309851',0,NULL,NULL,NULL,'2023-08-25 06:43:04.867822','2023-09-29 13:29:41.849694','',1,'cus_Oj93aSUANdvxSQ');
INSERT INTO users VALUES(2,'sahubrajesh1@gmail.com','$2a$12$sCzjN1uh91HDqG/z55deVOY.cui/LGcGp1YJb6ekMXzIYm8I/bV2G','Lucky','7894561239',1,NULL,NULL,NULL,'2023-08-25 07:30:44.249107','2023-09-29 13:29:42.134841','',1,'cus_Oj93tgTJSWf5WT');
INSERT INTO users VALUES(3,'seller@gmail.com','$2a$12$Spirz3jjsS1sguZYNejF8.5cyFzEWDSsEE1l88RjoLObyBAO.0FP.','Kishan','7896541230',2,NULL,NULL,NULL,'2023-09-08 12:54:38.977180','2023-10-03 04:46:51.694922','fsi2343234',1,'cus_Oj93d48qyR5lKu');
INSERT INTO users VALUES(15,'salil@gmail.com','$2a$12$c.OBHEc2o7zdD6SuuvWs/OUuOiyNhAV6c9qV5zF6fvA9txPPatPQa','Salil','7896541236',2,'',NULL,NULL,'2023-09-14 12:59:49.004488','2023-09-29 13:29:42.728351','fsi15616506',1,'cus_Oj93srHpzspmc3');
INSERT INTO users VALUES(16,'buyer@gmail.com','$2a$12$8O9jZ4K6.BfTW9UDnt9Y4.L.WEO1eZZbfdH17jViOZ6RgmAg5VbkS','madhur','7896541237',1,NULL,NULL,NULL,'2023-09-19 04:52:22.855945','2023-09-29 13:29:43.012138',NULL,1,'cus_Oj937swWATBQig');
INSERT INTO users VALUES(17,'vivek12@gmail.com','$2a$12$9iq89s6yPSO8YNRAA3/TI.Qxk7ZLg7Cw0NiewhUyf3G2/6QVkUBbe','vivek','1234569874',1,NULL,NULL,NULL,'2023-09-19 04:54:35.978690','2023-09-29 13:29:43.308523',NULL,1,'cus_Oj93e73qzyzpjr');
INSERT INTO users VALUES(18,'amit@gmail.com','$2a$12$i6cRRC4u3k1O4ZGW3r6UUe1.0DIl.WefPsm84h7Mzcj/sDreaFf9u','amit','7896541239',1,NULL,NULL,NULL,'2023-09-19 05:01:04.761065','2023-09-29 13:29:43.591574',NULL,0,'cus_Oj93493CuhSvig');
INSERT INTO users VALUES(19,'abhishek@gmail.com','$2a$12$Qw2FarV7BhK3cwVzqdMYhOp/kupEpdPdtPDxDe2xSfSWV6jAqKWTi','abhishek','7894561239',1,NULL,NULL,NULL,'2023-09-29 10:58:38.261894','2023-09-29 13:29:43.876942',NULL,NULL,'cus_Oj93kTpwpov3XN');
INSERT INTO users VALUES(20,'himanshu@gmail.com','$2a$12$7U6gjVMnALyMtoyR4pXrR.xepHBW8NDWHuZlbG00ypO/9TJyTzgyy','himanshu','7896541236',1,NULL,NULL,NULL,'2023-09-29 11:00:35.375679','2023-09-29 13:29:44.168300',NULL,1,'cus_Oj93XZ0skhZWoO');
CREATE TABLE IF NOT EXISTS "transactions" ("id" integer NOT NULL PRIMARY KEY, "admin_commision" decimal DEFAULT NULL, "seller_earning" decimal DEFAULT NULL, "tax" decimal DEFAULT NULL, "total_amount" decimal DEFAULT NULL, "user_id" integer DEFAULT NULL, "created_at" datetime(6) NOT NULL, "updated_at" datetime(6) NOT NULL, "order_id" integer DEFAULT NULL, "quantity" integer DEFAULT NULL, "product" varchar, "status" integer);
INSERT INTO transactions VALUES(1,2156,28028,616,30800,15,'2023-10-03 11:39:39.225328','2023-10-03 11:39:39.225328',1,1,'One Plus Smart Phone',0);
INSERT INTO transactions VALUES(2,1638,21294,468,23400,1,'2023-10-04 09:47:04.983556','2023-10-04 09:47:04.983556',2,1,'Tv',0);
INSERT INTO transactions VALUES(3,1347.4999999999999999,17517.5,385,19250,1,'2023-10-04 09:47:04.987614','2023-10-04 09:47:04.987614',2,1,'Realme Mobile ',0);
CREATE TABLE IF NOT EXISTS "order_items" ("id" integer PRIMARY KEY AUTOINCREMENT NOT NULL, "quantity" integer, "product_id" integer, "order_id" integer, "created_at" datetime(6) NOT NULL, "updated_at" datetime(6) NOT NULL);
INSERT INTO order_items VALUES(41,1,11,1,'2023-10-03 11:39:15.226442','2023-10-03 11:39:15.226442');
INSERT INTO order_items VALUES(42,1,3,2,'2023-10-04 09:46:38.085560','2023-10-04 09:46:38.085560');
INSERT INTO order_items VALUES(43,1,2,2,'2023-10-04 09:46:38.107233','2023-10-04 09:46:38.107233');
INSERT INTO order_items VALUES(44,1,13,3,'2023-10-06 12:12:24.666042','2023-10-06 12:12:24.666042');
INSERT INTO order_items VALUES(45,1,13,4,'2023-10-06 12:13:47.752409','2023-10-06 12:13:47.752409');
CREATE TABLE IF NOT EXISTS "payments" ("id" integer PRIMARY KEY AUTOINCREMENT NOT NULL, "payment_id" varchar, "order_id" integer, "status" integer, "created_at" datetime(6) NOT NULL, "updated_at" datetime(6) NOT NULL);
INSERT INTO payments VALUES(16,'pi_3Nx6wqSBU8NpHWnc0QEc0kiD',1,0,'2023-10-03 11:39:39.240660','2023-10-03 11:39:39.240660');
INSERT INTO payments VALUES(17,'pi_3NxRfSSBU8NpHWnc1oEQbYcx',2,0,'2023-10-04 09:47:05.001162','2023-10-04 09:47:05.001162');
CREATE TABLE IF NOT EXISTS "categories" ("id" integer NOT NULL PRIMARY KEY, "categories_type" varchar DEFAULT NULL, "created_at" datetime(6) NOT NULL, "updated_at" datetime(6) NOT NULL);
INSERT INTO categories VALUES(1,'Fashion','2023-09-08 09:42:34.103641','2023-10-05 06:23:07.316215');
INSERT INTO categories VALUES(2,'Electronics','2023-09-08 09:42:41.344619','2023-09-28 06:42:13.321717');
INSERT INTO categories VALUES(3,'Home Appliances','2023-09-08 09:42:46.800074','2023-09-28 06:42:49.322790');
CREATE TABLE IF NOT EXISTS "sub_categories" ("id" integer PRIMARY KEY AUTOINCREMENT NOT NULL, "name" varchar, "category_id" integer, "created_at" datetime(6) NOT NULL, "updated_at" datetime(6) NOT NULL);
INSERT INTO sub_categories VALUES(1,'Clothes',1,'2023-10-05 06:25:38.713264','2023-10-05 06:25:38.713264');
INSERT INTO sub_categories VALUES(2,'Laptops',2,'2023-10-05 06:38:53.327982','2023-10-05 06:38:53.327982');
INSERT INTO sub_categories VALUES(3,'Mobile',2,'2023-10-05 06:39:09.480233','2023-10-05 06:39:09.480233');
INSERT INTO sub_categories VALUES(4,'FootWare',1,'2023-10-05 11:40:32.364337','2023-10-05 11:40:32.364337');
INSERT INTO sub_categories VALUES(5,'Kitchen and Cookware',3,'2023-10-06 05:48:08.681696','2023-10-06 05:48:08.681696');
INSERT INTO sub_categories VALUES(6,'TV',2,'2023-10-06 12:31:38.713305','2023-10-06 12:31:38.713305');
INSERT INTO sub_categories VALUES(7,'Watch',2,'2023-10-06 12:35:30.940518','2023-10-06 12:35:30.940518');
INSERT INTO sub_categories VALUES(8,'Glasses',2,'2023-10-06 12:36:17.481882','2023-10-06 12:36:17.481882');
INSERT INTO sub_categories VALUES(9,'Lamp',2,'2023-10-06 12:38:30.911804','2023-10-06 12:38:30.911804');
CREATE TABLE IF NOT EXISTS "variants" ("id" integer PRIMARY KEY AUTOINCREMENT NOT NULL, "category_comission" decimal, "variant_name" varchar, "sub_category_id" integer, "created_at" datetime(6) NOT NULL, "updated_at" datetime(6) NOT NULL);
INSERT INTO variants VALUES(1,4,'Mans Shirt',1,'2023-10-05 11:27:41.585766','2023-10-05 11:53:28.362435');
INSERT INTO variants VALUES(2,5,'Womens dress',1,'2023-10-05 11:27:57.881084','2023-10-05 11:53:15.615143');
INSERT INTO variants VALUES(3,4,'Gamming',2,'2023-10-05 11:50:22.015334','2023-10-05 11:53:06.607913');
INSERT INTO variants VALUES(4,3,'Mans Shoes',4,'2023-10-05 12:32:24.725129','2023-10-05 12:32:24.725129');
INSERT INTO variants VALUES(5,2,'Water Bottle',5,'2023-10-06 05:48:35.745937','2023-10-06 05:48:35.745937');
INSERT INTO variants VALUES(6,7,'Touch Screen Phone',3,'2023-10-06 12:29:57.110897','2023-10-06 12:30:15.559987');
INSERT INTO variants VALUES(7,5,'LCD',6,'2023-10-06 12:31:57.515388','2023-10-06 12:31:57.515388');
INSERT INTO variants VALUES(8,4,'SmartWatch',7,'2023-10-06 12:35:47.000086','2023-10-06 12:35:47.000086');
INSERT INTO variants VALUES(9,3,'Smart Glasses',8,'2023-10-06 12:36:34.068230','2023-10-06 12:36:34.068230');
INSERT INTO variants VALUES(10,3,'Cooker',5,'2023-10-06 12:37:22.535630','2023-10-06 12:37:22.535630');
INSERT INTO variants VALUES(11,3,'Tava',5,'2023-10-06 12:37:57.432054','2023-10-06 12:37:57.432054');
INSERT INTO variants VALUES(12,5,'Table Lamp',9,'2023-10-06 12:38:43.413643','2023-10-06 12:38:43.413643');
INSERT INTO variants VALUES(13,4,'Mans Jeans',1,'2023-10-06 12:39:27.928248','2023-10-06 12:39:27.928248');
CREATE TABLE IF NOT EXISTS "properties" ("id" integer PRIMARY KEY AUTOINCREMENT NOT NULL, "color" varchar, "size" varchar, "variant_id" integer, "created_at" datetime(6) NOT NULL, "updated_at" datetime(6) NOT NULL);
INSERT INTO properties VALUES(1,'#000000','M',1,'2023-10-05 11:35:51.651741','2023-10-05 11:35:51.651741');
CREATE TABLE IF NOT EXISTS "products" ("id" integer NOT NULL PRIMARY KEY, "product_name" varchar DEFAULT NULL, "stock" integer DEFAULT NULL, "price" decimal DEFAULT NULL, "description" varchar DEFAULT NULL, "user_id" integer DEFAULT NULL, "created_at" datetime(6) NOT NULL, "updated_at" datetime(6) NOT NULL, "category_id" integer DEFAULT NULL, "product_type" integer DEFAULT NULL, "discount_price" decimal DEFAULT NULL, "price_id" varchar DEFAULT NULL, "sub_category_id" integer DEFAULT NULL, "variant_id" integer DEFAULT NULL, CONSTRAINT "fk_rails_fb915499a4"
FOREIGN KEY ("category_id")
  REFERENCES "categories" ("id")
, CONSTRAINT "fk_rails_db9640ef46"
FOREIGN KEY ("sub_category_id")
  REFERENCES "sub_categories" ("id")
, CONSTRAINT "fk_rails_4ea5b8b05e"
FOREIGN KEY ("variant_id")
  REFERENCES "variants" ("id")
);
INSERT INTO products VALUES(1,'T-shirt',27,600,'Nikky Men Printed Round Neck Cotton Blend Black T-Shirt',3,'2023-08-25 07:02:54.508386','2023-10-06 12:27:36.425944',1,0,464.63999999999998635,'price_1Nvgw5SBU8NpHWncCTDhHPl3',1,1);
INSERT INTO products VALUES(2,'Realme Mobile ',27,25000,'Avail yourself this 5G smartphone that offers a host of interesting features. The powerful MediaTek Dimensity 6100+ 5G.',3,'2023-08-25 07:04:15.789905','2023-10-06 12:31:17.179922',2,1,19250,'price_1Nvgw7SBU8NpHWncnUekqGtK',3,6);
INSERT INTO products VALUES(3,'Tv',11,30000,'Enjoy stunning pictures and organise your entertainment with the amazing Vu GloLED TV, which is packed with futuristic capabilities and can hypnotise you with its astounding appearance.',3,'2023-08-25 07:08:57.784962','2023-10-06 12:34:13.046039',2,1,23400,'price_1Nvgw9SBU8NpHWncYsiD98Ex',6,7);
INSERT INTO products VALUES(4,'Womens dress',484,5000,'Women Co-ords Brown Dress',15,'2023-08-25 07:11:12.460736','2023-10-06 12:35:13.151911',1,0,3690,'price_1NvgwBSBU8NpHWncsHtXFhfm',1,2);
INSERT INTO products VALUES(5,'Smart Watch',29,1500,'The Fire-Boltt Ninja Smartwatch is essential if you''re seeking a high-end, sophisticated smartwatch. It offers a striking display and innovative features to ensure outstanding performance',3,'2023-08-25 07:13:20.444825','2023-10-06 12:41:05.703213',2,0,1380,'price_1NvgwCSBU8NpHWncyqUctuv4',7,8);
INSERT INTO products VALUES(6,'Smart Glasses',40,5000,'Wrapo Bluetooth Audio Player, Connectivity Sunglasses  (Smart Glasses, Black)',15,'2023-08-25 07:17:07.806061','2023-10-06 12:41:25.754601',2,0,3740,'price_1NvgwESBU8NpHWncRVFo7UOa',8,9);
INSERT INTO products VALUES(7,'Pressure Cooker',30,1000,'Leo Natura 3L Leo Natura eco Aluminium Pressure Cooker 3 L Pressure Cooker  (Aluminium)',3,'2023-08-25 07:19:40.123895','2023-10-06 12:41:52.019585',3,0,818.39999999999997722,'price_1NvgwGSBU8NpHWnciNrjmR1U',5,10);
INSERT INTO products VALUES(8,'Tava',40,500,'Prepare soft rotis to go with those sumptuous curries by bringing home this hard anodised tawa from Prestige. Its non-toxic surface is resistant to high flames and it is metal spoon-friendly as well.',15,'2023-08-25 07:20:41.568424','2023-10-06 12:42:12.631757',3,1,426.80000000000001135,'price_1NvgwISBU8NpHWncYTW2XsoB',5,11);
INSERT INTO products VALUES(9,'Table Lamp',25,500,'UNIQUE Black Table lamp Table Lamp (25 cm, Black)',3,'2023-08-25 07:22:07.389148','2023-10-06 12:42:37.447885',2,1,400.39999999999997728,'price_1NvgwKSBU8NpHWncEO7qAvse',9,12);
INSERT INTO products VALUES(10,'Jeans',20,1500,'Men Slim Mid Rise Light Blue Jeans',3,'2023-08-25 07:24:02.748644','2023-10-06 12:43:02.959828',1,0,1230,'price_1NvgwMSBU8NpHWncPY81qRkN',1,13);
INSERT INTO products VALUES(11,'One Plus Smart Phone',298,35000,'NA',15,'2023-09-18 07:51:48.992572','2023-10-06 12:43:21.056545',2,0,30800,'price_1NvgwNSBU8NpHWncGhVhcstv',3,6);
INSERT INTO products VALUES(12,'Iphone',300,120000,'NA',3,'2023-09-29 11:14:27.014025','2023-10-06 12:43:41.434473',2,1,120000,'price_1NvgwPSBU8NpHWncsGbYHJEK',3,6);
INSERT INTO products VALUES(13,'shirt',189,350,'NA',15,'2023-09-29 11:59:20.491474','2023-10-06 12:13:47.762501',1,1,350,'price_1NvgwRSBU8NpHWncxcQtLMmz',1,1);
INSERT INTO products VALUES(14,'Water Bottle',300,200,'NA',3,'2023-10-06 05:52:44.105740','2023-10-06 05:52:46.933773',3,1,176,'price_1Ny6xuSBU8NpHWncLiADqrn8',5,5);
INSERT INTO products VALUES(15,'Laptop',400,60000,'Gamming Laptop',3,'2023-10-06 07:16:19.252983','2023-10-06 07:16:21.911662',2,0,52800,'price_1Ny8GnSBU8NpHWnczrTQ5UxM',2,3);
CREATE TABLE IF NOT EXISTS "product_sizes" ("id" integer PRIMARY KEY AUTOINCREMENT NOT NULL, "variant_id" integer, "size" varchar, "created_at" datetime(6) NOT NULL, "updated_at" datetime(6) NOT NULL);
INSERT INTO product_sizes VALUES(1,1,'M','2023-10-05 12:28:08.920575','2023-10-05 12:28:08.920575');
INSERT INTO product_sizes VALUES(2,1,'L','2023-10-05 12:31:56.683781','2023-10-05 12:31:56.683781');
INSERT INTO product_sizes VALUES(3,1,'S','2023-10-05 12:32:06.338197','2023-10-06 04:42:29.443752');
INSERT INTO product_sizes VALUES(4,4,'9','2023-10-05 12:32:34.012496','2023-10-05 12:32:34.012496');
INSERT INTO product_sizes VALUES(9,4,'8','2023-10-06 10:23:13.741348','2023-10-06 10:23:13.741348');
INSERT INTO product_sizes VALUES(12,6,'33','2023-10-06 12:30:41.741400','2023-10-06 12:30:41.741400');
INSERT INTO product_sizes VALUES(13,7,'28','2023-10-06 12:33:37.403324','2023-10-06 12:33:37.403324');
INSERT INTO product_sizes VALUES(14,2,'S','2023-10-06 12:34:39.968075','2023-10-06 12:34:39.968075');
INSERT INTO product_sizes VALUES(15,8,'15','2023-10-06 12:35:57.823763','2023-10-06 12:35:57.823763');
INSERT INTO product_sizes VALUES(16,9,'S','2023-10-06 12:36:55.906995','2023-10-06 12:36:55.906995');
INSERT INTO product_sizes VALUES(17,10,'4','2023-10-06 12:37:38.156901','2023-10-06 12:37:38.156901');
INSERT INTO product_sizes VALUES(18,11,'S','2023-10-06 12:38:11.488789','2023-10-06 12:38:11.488789');
INSERT INTO product_sizes VALUES(19,12,'20','2023-10-06 12:38:57.890325','2023-10-06 12:38:57.890325');
INSERT INTO product_sizes VALUES(20,13,'S','2023-10-06 12:39:42.122050','2023-10-06 12:39:42.122050');
INSERT INTO product_sizes VALUES(21,3,'18','2023-10-06 12:40:38.843242','2023-10-06 12:40:38.843242');
INSERT INTO product_sizes VALUES(22,5,'2','2023-10-06 12:44:42.491865','2023-10-06 12:44:42.491865');
CREATE TABLE IF NOT EXISTS "product_colors" ("id" integer PRIMARY KEY AUTOINCREMENT NOT NULL, "product_id" integer, "color" varchar, "created_at" datetime(6) NOT NULL, "updated_at" datetime(6) NOT NULL);
INSERT INTO product_colors VALUES(1,13,'#5e4040','2023-10-06 04:41:06.464084','2023-10-06 04:41:06.464084');
INSERT INTO product_colors VALUES(6,13,'#15a88b','2023-10-06 06:29:59.781648','2023-10-06 06:29:59.781648');
INSERT INTO product_colors VALUES(11,1,'#000000','2023-10-06 12:27:36.428021','2023-10-06 12:27:36.428021');
INSERT INTO product_colors VALUES(12,2,'#000000','2023-10-06 12:31:17.181094','2023-10-06 12:31:17.181094');
INSERT INTO product_colors VALUES(13,2,'#f90b0b','2023-10-06 12:31:17.182033','2023-10-06 12:31:17.182033');
INSERT INTO product_colors VALUES(14,3,'#4779a9','2023-10-06 12:34:13.047766','2023-10-06 12:34:13.047766');
INSERT INTO product_colors VALUES(15,4,'#d66b6b','2023-10-06 12:35:13.153096','2023-10-06 12:35:13.153096');
INSERT INTO product_colors VALUES(16,4,'#b50d0d','2023-10-06 12:35:13.153950','2023-10-06 12:35:13.153950');
INSERT INTO product_colors VALUES(17,5,'#000000','2023-10-06 12:41:05.704626','2023-10-06 12:41:05.704626');
INSERT INTO product_colors VALUES(18,5,'#d00b0b','2023-10-06 12:41:05.705525','2023-10-06 12:41:05.705525');
INSERT INTO product_colors VALUES(19,6,'#000000','2023-10-06 12:41:25.755779','2023-10-06 12:41:25.755779');
INSERT INTO product_colors VALUES(20,7,'#f0efef','2023-10-06 12:41:52.020981','2023-10-06 12:41:52.020981');
INSERT INTO product_colors VALUES(21,8,'#000000','2023-10-06 12:42:12.632882','2023-10-06 12:42:12.632882');
INSERT INTO product_colors VALUES(22,9,'#000000','2023-10-06 12:42:37.448997','2023-10-06 12:42:37.448997');
INSERT INTO product_colors VALUES(23,10,'#000000','2023-10-06 12:43:02.961038','2023-10-06 12:43:02.961038');
INSERT INTO product_colors VALUES(24,10,'#0c12bb','2023-10-06 12:43:02.962041','2023-10-06 12:43:02.962041');
INSERT INTO product_colors VALUES(25,11,'#000000','2023-10-06 12:43:21.057769','2023-10-06 12:43:21.057769');
INSERT INTO product_colors VALUES(26,12,'#000000','2023-10-06 12:43:41.436075','2023-10-06 12:43:41.436075');
INSERT INTO product_colors VALUES(27,15,'#000000','2023-10-06 12:44:06.397636','2023-10-06 12:44:06.397636');
INSERT INTO product_colors VALUES(28,14,'#bcf4fb','2023-10-06 12:45:03.056563','2023-10-06 12:45:03.056563');
CREATE TABLE IF NOT EXISTS "sizes" ("id" integer PRIMARY KEY AUTOINCREMENT NOT NULL, "product_id" integer, "product_size_id" integer, "created_at" datetime(6) NOT NULL, "updated_at" datetime(6) NOT NULL);
INSERT INTO sizes VALUES(6,13,1,'2023-10-06 10:39:29.071347','2023-10-06 10:39:29.071347');
INSERT INTO sizes VALUES(7,13,2,'2023-10-06 11:01:22.858121','2023-10-06 11:01:22.858121');
INSERT INTO sizes VALUES(8,13,3,'2023-10-06 11:01:22.859082','2023-10-06 11:01:22.859082');
INSERT INTO sizes VALUES(9,1,1,'2023-10-06 12:27:36.429698','2023-10-06 12:27:36.429698');
INSERT INTO sizes VALUES(10,1,2,'2023-10-06 12:27:36.431224','2023-10-06 12:27:36.431224');
INSERT INTO sizes VALUES(11,1,3,'2023-10-06 12:27:36.432548','2023-10-06 12:27:36.432548');
INSERT INTO sizes VALUES(12,2,12,'2023-10-06 12:31:17.183080','2023-10-06 12:31:17.183080');
INSERT INTO sizes VALUES(13,3,13,'2023-10-06 12:34:13.048958','2023-10-06 12:34:13.048958');
INSERT INTO sizes VALUES(14,4,14,'2023-10-06 12:35:13.154829','2023-10-06 12:35:13.154829');
INSERT INTO sizes VALUES(15,5,15,'2023-10-06 12:41:05.706462','2023-10-06 12:41:05.706462');
INSERT INTO sizes VALUES(16,6,16,'2023-10-06 12:41:25.756934','2023-10-06 12:41:25.756934');
INSERT INTO sizes VALUES(17,7,17,'2023-10-06 12:41:52.021943','2023-10-06 12:41:52.021943');
INSERT INTO sizes VALUES(18,8,18,'2023-10-06 12:42:12.633926','2023-10-06 12:42:12.633926');
INSERT INTO sizes VALUES(19,9,19,'2023-10-06 12:42:37.449972','2023-10-06 12:42:37.449972');
INSERT INTO sizes VALUES(20,10,20,'2023-10-06 12:43:02.962846','2023-10-06 12:43:02.962846');
INSERT INTO sizes VALUES(21,11,12,'2023-10-06 12:43:21.058896','2023-10-06 12:43:21.058896');
INSERT INTO sizes VALUES(22,12,12,'2023-10-06 12:43:41.437914','2023-10-06 12:43:41.437914');
INSERT INTO sizes VALUES(23,15,21,'2023-10-06 12:44:06.398946','2023-10-06 12:44:06.398946');
INSERT INTO sizes VALUES(24,14,22,'2023-10-06 12:45:03.057686','2023-10-06 12:45:03.057686');
DELETE FROM sqlite_sequence;
INSERT INTO sqlite_sequence VALUES('carts',21);
INSERT INTO sqlite_sequence VALUES('active_storage_blobs',45);
INSERT INTO sqlite_sequence VALUES('items',238);
INSERT INTO sqlite_sequence VALUES('addresses',11);
INSERT INTO sqlite_sequence VALUES('shipments',102);
INSERT INTO sqlite_sequence VALUES('tracking_orders',77);
INSERT INTO sqlite_sequence VALUES('offer_types_products',20);
INSERT INTO sqlite_sequence VALUES('offer_types',2);
INSERT INTO sqlite_sequence VALUES('discounts',10);
INSERT INTO sqlite_sequence VALUES('bank_accounts',6);
INSERT INTO sqlite_sequence VALUES('notifications',375);
INSERT INTO sqlite_sequence VALUES('otps',81);
INSERT INTO sqlite_sequence VALUES('orders_products',86);
INSERT INTO sqlite_sequence VALUES('terms_and_conditions',1);
INSERT INTO sqlite_sequence VALUES('order_items',45);
INSERT INTO sqlite_sequence VALUES('payments',17);
INSERT INTO sqlite_sequence VALUES('sub_categories',9);
INSERT INTO sqlite_sequence VALUES('variants',13);
INSERT INTO sqlite_sequence VALUES('properties',1);
INSERT INTO sqlite_sequence VALUES('product_sizes',22);
INSERT INTO sqlite_sequence VALUES('product_colors',28);
INSERT INTO sqlite_sequence VALUES('sizes',24);
CREATE UNIQUE INDEX "index_active_storage_blobs_on_key" ON "active_storage_blobs" ("key");
CREATE INDEX "index_addresses_on_user_id" ON "addresses" ("user_id");
CREATE INDEX "index_carts_on_user_id" ON "carts" ("user_id");
CREATE INDEX "index_items_on_cart_id" ON "items" ("cart_id");
CREATE INDEX "index_items_on_product_id" ON "items" ("product_id");
CREATE INDEX "index_shipments_on_order_id" ON "shipments" ("order_id");
CREATE INDEX "index_tracking_orders_on_shipment_id" ON "tracking_orders" ("shipment_id");
CREATE INDEX "index_active_storage_attachments_on_blob_id" ON "active_storage_attachments" ("blob_id");
CREATE UNIQUE INDEX "index_active_storage_attachments_uniqueness" ON "active_storage_attachments" ("record_type", "record_id", "name", "blob_id");
CREATE UNIQUE INDEX "index_active_storage_variant_records_uniqueness" ON "active_storage_variant_records" ("blob_id", "variation_digest");
CREATE INDEX "index_active_admin_comments_on_resource" ON "active_admin_comments" ("resource_type", "resource_id");
CREATE INDEX "index_active_admin_comments_on_author" ON "active_admin_comments" ("author_type", "author_id");
CREATE INDEX "index_active_admin_comments_on_namespace" ON "active_admin_comments" ("namespace");
CREATE INDEX "index_offer_types_products_on_product_id" ON "offer_types_products" ("product_id");
CREATE INDEX "index_offer_types_products_on_offer_type_id" ON "offer_types_products" ("offer_type_id");
CREATE INDEX "index_bank_accounts_on_user_id" ON "bank_accounts" ("user_id");
CREATE INDEX "index_discounts_on_product_id" ON "discounts" ("product_id");
CREATE INDEX "index_notifications_on_notificable" ON "notifications" ("notificable_type", "notificable_id");
CREATE INDEX "index_notifications_on_user_id" ON "notifications" ("user_id");
CREATE INDEX "index_otps_on_user_id" ON "otps" ("user_id");
CREATE INDEX "index_orders_on_address_id" ON "orders" ("address_id");
CREATE INDEX "index_orders_on_user_id" ON "orders" ("user_id");
CREATE INDEX "index_orders_products_on_product_id" ON "orders_products" ("product_id");
CREATE INDEX "index_orders_products_on_order_id" ON "orders_products" ("order_id");
CREATE UNIQUE INDEX "index_users_on_email" ON "users" ("email");
CREATE UNIQUE INDEX "index_users_on_reset_password_token" ON "users" ("reset_password_token");
CREATE INDEX "index_transactions_on_user_id" ON "transactions" ("user_id");
CREATE INDEX "index_transactions_on_order_id" ON "transactions" ("order_id");
CREATE INDEX "index_order_items_on_product_id" ON "order_items" ("product_id");
CREATE INDEX "index_order_items_on_order_id" ON "order_items" ("order_id");
CREATE INDEX "index_payments_on_order_id" ON "payments" ("order_id");
CREATE INDEX "index_sub_categories_on_category_id" ON "sub_categories" ("category_id");
CREATE INDEX "index_variants_on_sub_category_id" ON "variants" ("sub_category_id");
CREATE INDEX "index_properties_on_variant_id" ON "properties" ("variant_id");
CREATE INDEX "index_products_on_user_id" ON "products" ("user_id");
CREATE INDEX "index_products_on_category_id" ON "products" ("category_id");
CREATE INDEX "index_products_on_sub_category_id" ON "products" ("sub_category_id");
CREATE INDEX "index_products_on_variant_id" ON "products" ("variant_id");
CREATE INDEX "index_product_sizes_on_variant_id" ON "product_sizes" ("variant_id");
CREATE INDEX "index_product_colors_on_product_id" ON "product_colors" ("product_id");
CREATE INDEX "index_sizes_on_product_id" ON "sizes" ("product_id");
CREATE INDEX "index_sizes_on_product_size_id" ON "sizes" ("product_size_id");
COMMIT;
